mag,year,Location,Suicide Rate (per 100k)
3.8,1999,Afghanistan,0.0
4.7,2009,Afghanistan,6.84
4.4,2012,Afghanistan,6.24
4.0,2022,Afghanistan,0.0
3.7,2002,Afghanistan,7.85
4.1,2014,Afghanistan,6.02
4.1,2016,Afghanistan,6.01
4.2,2019,Afghanistan,5.96
4.5,2006,Afghanistan,7.56
4.2,2021,Afghanistan,0.0
4.0,2020,Afghanistan,0.0
4.5,2017,Afghanistan,5.95
4.2,2018,Afghanistan,5.91
3.8,2005,Afghanistan,7.64
4.9,2003,Afghanistan,7.72
4.5,2015,Afghanistan,5.99
4.7,2004,Afghanistan,7.77
4.7,2011,Afghanistan,6.42
3.8,2001,Afghanistan,7.89
4.2,2007,Afghanistan,7.42
4.3,2008,Afghanistan,7.17
4.1,2010,Afghanistan,6.67
4.1,2013,Afghanistan,6.17
3.8,2002,Albania,4.82
4.8,2000,Albania,5.23
3.7,2007,Albania,8.05
4.3,2009,Albania,7.96
4.4,2003,Albania,4.94
4.4,2019,Albania,3.72
4.1,2012,Albania,4.82
4.1,2005,Albania,7.68
4.2,2010,Albania,7.63
4.5,2022,Albania,0.0
4.6,2014,Albania,4.52
3.8,2006,Albania,7.83
4.7,2015,Albania,4.23
4.3,2017,Albania,4.11
4.1,2020,Albania,0.0
3.7,2004,Albania,4.86
4.3,2016,Albania,4.17
4.2,2013,Albania,4.84
4.5,2011,Albania,7.63
4.1,2001,Albania,4.74
3.6,2008,Albania,8.09
4.5,2018,Albania,3.94
4.6,2021,Albania,0.0
3.8,2015,Algeria,2.72
4.0,2017,Algeria,2.54
4.8,2013,Algeria,2.85
4.2,2018,Algeria,2.58
4.1,2005,Algeria,3.82
3.8,2004,Algeria,3.97
3.8,2007,Algeria,3.46
4.9,2009,Algeria,3.15
3.6,2003,Algeria,4.12
4.3,2021,Algeria,0.0
4.4,2010,Algeria,3.0
4.2,2011,Algeria,2.94
4.8,2006,Algeria,3.65
5.0,2002,Algeria,4.43
4.5,2019,Algeria,2.6
4.6,2001,Algeria,4.58
4.4,2000,Algeria,4.68
4.3,2020,Algeria,0.0
5.1,2014,Algeria,2.78
4.4,2008,Algeria,3.31
4.9,2016,Algeria,2.61
4.0,2022,Algeria,0.0
4.5,2012,Algeria,2.89
0.0,2005,Angola,16.26
0.0,2009,Angola,13.65
0.0,2011,Angola,13.49
0.0,2010,Angola,14.21
4.3,2018,Angola,12.35
5.3,2001,Angola,17.46
0.0,2019,Angola,12.55
3.9,2006,Angola,17.06
0.0,2000,Angola,17.56
4.4,2016,Angola,12.87
0.0,2008,Angola,15.27
4.2,2007,Angola,15.02
5.1,2015,Angola,13.27
4.1,2014,Angola,13.14
0.0,2017,Angola,12.36
4.8,2003,Angola,17.47
4.2,2013,Angola,14.16
4.0,2004,Angola,17.19
4.3,2022,Angola,0.0
0.0,2002,Angola,17.24
0.0,2012,Angola,14.16
4.8,2022,Antigua and Barbuda,0.0
4.4,2010,Antigua and Barbuda,0.13
5.4,2001,Antigua and Barbuda,1.88
3.9,2007,Antigua and Barbuda,0.33
4.3,2018,Antigua and Barbuda,0.32
4.2,2021,Antigua and Barbuda,0.0
4.4,2013,Antigua and Barbuda,0.0
4.1,2012,Antigua and Barbuda,0.0
4.1,2014,Antigua and Barbuda,0.44
3.6,2005,Antigua and Barbuda,1.32
3.6,2002,Antigua and Barbuda,1.25
4.4,2006,Antigua and Barbuda,0.44
4.7,2016,Antigua and Barbuda,0.49
3.7,2008,Antigua and Barbuda,0.25
4.2,2017,Antigua and Barbuda,0.0
4.6,2020,Antigua and Barbuda,0.0
5.6,2011,Antigua and Barbuda,0.16
4.3,2019,Antigua and Barbuda,0.32
4.2,2004,Antigua and Barbuda,1.95
3.7,2000,Antigua and Barbuda,2.01
4.6,2015,Antigua and Barbuda,0.42
4.7,2009,Antigua and Barbuda,0.0
4.1,2003,Antigua and Barbuda,1.44
3.9,2006,Argentina,8.53
4.6,2009,Argentina,8.35
4.4,2022,Argentina,0.0
4.2,2010,Argentina,8.43
4.7,2012,Argentina,8.96
4.5,2016,Argentina,8.06
4.5,2014,Argentina,9.16
4.3,2020,Argentina,0.0
4.3,2004,Argentina,8.68
4.2,2017,Argentina,8.69
3.9,2000,Argentina,9.2
6.0,2019,Argentina,8.14
4.5,2015,Argentina,8.1
3.8,2002,Argentina,10.28
4.1,2011,Argentina,8.42
3.8,2001,Argentina,10.31
4.1,2008,Argentina,8.59
4.0,2003,Argentina,9.66
4.3,2021,Argentina,0.0
4.4,2013,Argentina,8.45
4.5,2007,Argentina,8.17
4.5,2018,Argentina,8.99
3.8,2005,Argentina,8.54
0.0,2010,Armenia,5.86
3.9,2020,Armenia,0.0
0.0,2006,Armenia,5.36
3.7,2008,Armenia,4.23
4.2,2016,Armenia,4.43
4.2,2001,Armenia,3.07
4.1,2021,Armenia,0.0
0.0,2000,Armenia,3.28
0.0,2014,Armenia,4.63
3.6,2017,Armenia,2.43
4.2,2011,Armenia,5.74
4.4,2007,Armenia,5.02
4.7,2019,Armenia,2.66
4.1,2015,Armenia,4.7
4.8,2002,Armenia,3.1
0.0,2012,Armenia,6.39
4.2,2018,Armenia,1.65
4.2,2022,Armenia,0.0
0.0,2003,Armenia,2.49
0.0,2013,Armenia,5.31
3.7,2005,Armenia,3.81
4.0,2004,Armenia,3.64
0.0,2009,Armenia,4.06
4.2,2015,Australia,11.81
3.6,2003,Australia,9.61
4.2,2016,Australia,10.92
4.7,2002,Australia,10.38
3.6,2004,Australia,9.21
5.8,2018,Australia,11.26
4.6,2009,Australia,10.01
4.2,2008,Australia,10.45
4.3,2017,Australia,11.79
3.6,2005,Australia,10.07
3.6,2014,Australia,11.31
4.3,2013,Australia,10.24
4.4,2022,Australia,0.0
4.3,2000,Australia,11.85
4.5,2020,Australia,0.0
5.2,2006,Australia,9.53
4.5,2010,Australia,10.41
4.2,2012,Australia,10.48
4.2,2021,Australia,0.0
4.4,2007,Australia,9.82
3.7,2001,Australia,11.19
4.1,2019,Australia,11.25
5.2,2011,Australia,10.06
3.7,2000,Austria,15.82
4.0,2003,Austria,14.25
3.8,2005,Austria,13.28
4.4,2004,Austria,13.63
0.0,2002,Austria,15.11
4.1,2007,Austria,12.16
0.0,2012,Austria,11.78
0.0,2015,Austria,11.39
3.6,2006,Austria,12.49
0.0,2011,Austria,12.28
4.0,2010,Austria,12.21
3.7,2021,Austria,0.0
3.6,2020,Austria,0.0
0.0,2017,Austria,10.77
3.9,2008,Austria,11.67
3.8,2001,Austria,14.69
4.2,2009,Austria,11.89
4.2,2016,Austria,11.13
0.0,2014,Austria,12.04
3.8,2019,Austria,10.4
3.8,2018,Austria,11.19
3.6,2013,Austria,11.45
4.1,2003,Azerbaijan,4.04
4.1,2002,Azerbaijan,3.88
4.1,2012,Azerbaijan,4.31
3.9,2000,Azerbaijan,3.42
3.8,2004,Azerbaijan,4.5
4.7,2018,Azerbaijan,3.92
4.5,2016,Azerbaijan,3.92
4.0,2021,Azerbaijan,0.0
4.1,2001,Azerbaijan,3.72
4.2,2022,Azerbaijan,0.0
4.0,2005,Azerbaijan,4.69
4.0,2010,Azerbaijan,4.53
4.3,2006,Azerbaijan,4.85
4.4,2011,Azerbaijan,4.44
4.5,2020,Azerbaijan,0.0
4.1,2019,Azerbaijan,3.97
4.0,2015,Azerbaijan,3.99
4.2,2013,Azerbaijan,4.19
4.5,2017,Azerbaijan,3.91
3.7,2008,Azerbaijan,4.79
4.8,2014,Azerbaijan,4.1
4.1,2007,Azerbaijan,5.0
4.9,2009,Azerbaijan,4.64
0.0,2007,Bahamas,3.32
0.0,2005,Bahamas,3.15
0.0,2004,Bahamas,3.34
0.0,2000,Bahamas,2.53
0.0,2010,Bahamas,3.66
0.0,2009,Bahamas,3.39
0.0,2001,Bahamas,2.73
0.0,2017,Bahamas,3.28
4.5,2018,Bahamas,3.4
3.9,2002,Bahamas,2.44
0.0,2006,Bahamas,3.57
0.0,2019,Bahamas,3.37
0.0,2014,Bahamas,3.28
0.0,2012,Bahamas,3.58
0.0,2011,Bahamas,3.77
0.0,2013,Bahamas,3.17
0.0,2015,Bahamas,3.42
0.0,2003,Bahamas,2.51
0.0,2008,Bahamas,3.4
0.0,2016,Bahamas,3.49
4.0,2022,Bahamas,0.0
4.4,2017,Bangladesh,3.68
4.2,2014,Bangladesh,3.73
3.9,2002,Bangladesh,6.1
4.9,2019,Bangladesh,3.85
4.4,2020,Bangladesh,0.0
4.0,2008,Bangladesh,5.25
4.0,2015,Bangladesh,3.64
4.9,2009,Bangladesh,5.06
4.2,2011,Bangladesh,4.34
4.1,2013,Bangladesh,3.8
4.0,2005,Bangladesh,5.57
4.2,2021,Bangladesh,0.0
4.7,2000,Bangladesh,6.87
4.5,2001,Bangladesh,6.45
4.4,2016,Bangladesh,3.6
4.2,2003,Bangladesh,5.81
4.4,2018,Bangladesh,3.75
5.1,2010,Bangladesh,4.82
4.2,2006,Bangladesh,5.6
4.3,2004,Bangladesh,5.56
4.2,2012,Bangladesh,4.0
5.5,2007,Bangladesh,5.48
4.6,2017,Barbados,0.32
0.0,2018,Barbados,0.31
3.7,2006,Barbados,1.33
4.5,2000,Barbados,2.6
4.4,2020,Barbados,0.0
5.3,2012,Barbados,0.21
4.6,2009,Barbados,1.13
4.3,2002,Barbados,0.29
3.6,2013,Barbados,0.097
4.0,2015,Barbados,0.31
4.3,2014,Barbados,0.32
3.8,2007,Barbados,1.26
4.7,2019,Barbados,0.31
0.0,2004,Barbados,0.96
4.0,2005,Barbados,2.17
0.0,2016,Barbados,0.33
4.1,2010,Barbados,1.22
4.4,2008,Barbados,0.72
0.0,2003,Barbados,0.8
4.8,2001,Barbados,1.52
4.5,2021,Barbados,0.0
4.0,2011,Barbados,0.64
0.0,2015,Belgium,14.41
0.0,2014,Belgium,15.13
0.0,2011,Belgium,16.71
0.0,2000,Belgium,18.3
0.0,2003,Belgium,17.89
0.0,2019,Belgium,13.93
0.0,2012,Belgium,16.42
0.0,2002,Belgium,17.12
3.8,2008,Belgium,16.58
0.0,2013,Belgium,15.38
3.7,2007,Belgium,15.08
0.0,2005,Belgium,16.74
0.0,2004,Belgium,16.67
0.0,2017,Belgium,14.59
0.0,2018,Belgium,14.32
0.0,2010,Belgium,16.52
0.0,2009,Belgium,16.71
0.0,2006,Belgium,16.58
0.0,2016,Belgium,15.02
4.8,2001,Belgium,18.45
0.0,2014,Benin,13.65
0.0,2012,Benin,13.94
0.0,2002,Benin,14.86
0.0,2006,Benin,14.57
0.0,2007,Benin,14.34
0.0,2011,Benin,14.14
0.0,2005,Benin,14.69
0.0,2013,Benin,13.84
0.0,2004,Benin,14.85
0.0,2017,Benin,13.11
0.0,2019,Benin,12.71
4.4,2009,Benin,14.24
0.0,2015,Benin,13.38
0.0,2001,Benin,14.83
0.0,2003,Benin,14.81
0.0,2018,Benin,12.97
0.0,2000,Benin,14.72
0.0,2008,Benin,13.97
0.0,2016,Benin,13.27
0.0,2010,Benin,14.14
5.5,2003,Bhutan,6.35
3.9,2020,Bhutan,0.0
4.3,2013,Bhutan,5.2
4.2,2014,Bhutan,5.19
4.7,2012,Bhutan,5.22
4.5,2011,Bhutan,5.21
4.4,2005,Bhutan,5.99
4.4,2017,Bhutan,5.14
3.8,2006,Bhutan,5.85
3.7,2016,Bhutan,5.05
4.2,2022,Bhutan,0.0
4.0,2008,Bhutan,5.52
4.4,2015,Bhutan,5.16
0.0,2002,Bhutan,6.46
4.7,2000,Bhutan,6.91
5.2,2021,Bhutan,0.0
3.8,2018,Bhutan,5.11
4.0,2004,Bhutan,6.12
3.9,2007,Bhutan,5.67
4.7,2019,Bhutan,5.07
4.2,2009,Bhutan,5.38
4.5,2010,Bhutan,5.24
4.1,2001,Bhutan,6.82
4.2,2009,Bolivia (Plurinational State of),6.99
3.7,2000,Bolivia (Plurinational State of),8.37
4.5,2017,Bolivia (Plurinational State of),7.17
4.2,2020,Bolivia (Plurinational State of),0.0
4.3,2016,Bolivia (Plurinational State of),7.43
4.3,2003,Bolivia (Plurinational State of),7.72
4.5,2007,Bolivia (Plurinational State of),7.17
4.2,2018,Bolivia (Plurinational State of),6.97
4.3,2005,Bolivia (Plurinational State of),7.41
4.1,2019,Bolivia (Plurinational State of),6.82
4.7,2022,Bolivia (Plurinational State of),0.0
4.2,2013,Bolivia (Plurinational State of),6.87
4.5,2021,Bolivia (Plurinational State of),0.0
4.7,2002,Bolivia (Plurinational State of),7.93
4.0,2014,Bolivia (Plurinational State of),7.04
4.1,2001,Bolivia (Plurinational State of),8.05
4.2,2010,Bolivia (Plurinational State of),7.0
4.3,2011,Bolivia (Plurinational State of),7.05
4.3,2004,Bolivia (Plurinational State of),7.53
4.5,2012,Bolivia (Plurinational State of),6.9
4.5,2015,Bolivia (Plurinational State of),7.2
3.6,2006,Bolivia (Plurinational State of),7.0
3.7,2008,Bolivia (Plurinational State of),7.01
4.2,2018,Bosnia and Herzegovina,8.18
4.1,2006,Bosnia and Herzegovina,8.77
3.7,2003,Bosnia and Herzegovina,8.45
4.0,2005,Bosnia and Herzegovina,8.95
4.2,2011,Bosnia and Herzegovina,8.35
4.4,2013,Bosnia and Herzegovina,8.23
4.5,2022,Bosnia and Herzegovina,0.0
4.3,2019,Bosnia and Herzegovina,8.25
3.9,2001,Bosnia and Herzegovina,8.35
4.3,2021,Bosnia and Herzegovina,0.0
4.1,2010,Bosnia and Herzegovina,8.3
4.5,2007,Bosnia and Herzegovina,9.36
3.9,2008,Bosnia and Herzegovina,8.72
4.4,2016,Bosnia and Herzegovina,8.13
4.0,2015,Bosnia and Herzegovina,8.33
3.7,2000,Bosnia and Herzegovina,8.13
4.0,2017,Bosnia and Herzegovina,8.07
3.7,2004,Bosnia and Herzegovina,8.4
4.2,2020,Bosnia and Herzegovina,0.0
4.4,2012,Bosnia and Herzegovina,8.11
4.4,2002,Bosnia and Herzegovina,8.53
4.6,2009,Bosnia and Herzegovina,8.54
3.9,2014,Bosnia and Herzegovina,8.2
0.0,2016,Botswana,22.9
0.0,2012,Botswana,28.99
0.0,2006,Botswana,40.94
4.7,2017,Botswana,22.32
0.0,2018,Botswana,22.06
0.0,2001,Botswana,44.68
0.0,2007,Botswana,37.45
0.0,2004,Botswana,40.94
0.0,2011,Botswana,29.09
0.0,2019,Botswana,20.22
4.5,2002,Botswana,42.19
0.0,2008,Botswana,36.06
0.0,2015,Botswana,24.55
0.0,2014,Botswana,25.35
3.8,2005,Botswana,43.43
4.0,2009,Botswana,32.13
0.0,2003,Botswana,40.34
0.0,2013,Botswana,27.75
0.0,2010,Botswana,31.2
3.6,2020,Botswana,0.0
0.0,2000,Botswana,46.25
4.8,2019,Brazil,6.41
4.6,2012,Brazil,5.29
4.2,2006,Brazil,4.9
4.1,2021,Brazil,0.0
4.1,2001,Brazil,4.88
5.2,2010,Brazil,5.0
4.7,2005,Brazil,4.96
4.5,2018,Brazil,6.51
0.0,2004,Brazil,4.73
4.1,2022,Brazil,0.0
4.6,2014,Brazil,5.4
4.7,2013,Brazil,5.41
4.9,2007,Brazil,5.05
4.4,2017,Brazil,6.19
6.9,2002,Brazil,4.77
0.0,2016,Brazil,5.67
4.0,2008,Brazil,5.22
0.0,2011,Brazil,5.19
4.2,2000,Brazil,4.47
4.3,2015,Brazil,5.6
4.8,2003,Brazil,4.69
4.9,2009,Brazil,5.19
4.6,2020,Brazil,0.0
4.2,2022,Bulgaria,0.0
3.9,2004,Bulgaria,10.52
3.8,2006,Bulgaria,9.46
4.0,2007,Bulgaria,8.57
4.5,2017,Bulgaria,6.65
4.3,2016,Bulgaria,6.57
4.5,2020,Bulgaria,0.0
3.9,2008,Bulgaria,9.19
4.2,2018,Bulgaria,6.6
4.4,2019,Bulgaria,6.5
3.8,2005,Bulgaria,9.56
4.4,2003,Bulgaria,11.18
3.6,2000,Bulgaria,14.05
0.0,2014,Bulgaria,7.13
4.1,2011,Bulgaria,7.9
3.8,2015,Bulgaria,6.77
4.4,2010,Bulgaria,8.45
4.6,2001,Bulgaria,13.16
3.9,2013,Bulgaria,7.35
4.5,2012,Bulgaria,8.75
5.0,2009,Bulgaria,8.51
3.7,2002,Bulgaria,12.97
0.0,2019,Burundi,12.12
4.5,2013,Burundi,13.75
4.8,2003,Burundi,19.38
4.7,2022,Burundi,0.0
3.8,2010,Burundi,14.92
4.4,2015,Burundi,12.75
4.7,2011,Burundi,14.51
0.0,2001,Burundi,21.64
0.0,2017,Burundi,12.46
4.3,2014,Burundi,13.14
0.0,2007,Burundi,16.48
4.3,2018,Burundi,12.31
0.0,2005,Burundi,17.94
0.0,2002,Burundi,20.51
0.0,2009,Burundi,15.22
4.3,2020,Burundi,0.0
4.7,2004,Burundi,18.55
4.1,2021,Burundi,0.0
4.4,2012,Burundi,14.09
0.0,2000,Burundi,23.43
4.1,2006,Burundi,17.53
4.1,2008,Burundi,15.66
0.0,2016,Burundi,12.61
0.0,2015,Cabo Verde,16.73
4.6,2004,Cabo Verde,18.28
0.0,2016,Cabo Verde,16.53
0.0,2001,Cabo Verde,18.03
4.8,2011,Cabo Verde,18.21
0.0,2006,Cabo Verde,18.16
0.0,2007,Cabo Verde,18.15
4.9,2012,Cabo Verde,17.98
0.0,2019,Cabo Verde,15.23
0.0,2013,Cabo Verde,17.46
4.3,2014,Cabo Verde,16.91
0.0,2018,Cabo Verde,15.96
0.0,2005,Cabo Verde,18.49
0.0,2009,Cabo Verde,18.44
0.0,2002,Cabo Verde,18.13
0.0,2008,Cabo Verde,18.3
0.0,2000,Cabo Verde,18.18
4.9,2017,Cabo Verde,16.16
0.0,2010,Cabo Verde,18.44
0.0,2003,Cabo Verde,18.11
0.0,2006,Cameroon,20.92
0.0,2007,Cameroon,20.4
0.0,2015,Cameroon,17.09
0.0,2018,Cameroon,15.93
0.0,2001,Cameroon,19.43
0.0,2011,Cameroon,19.41
0.0,2019,Cameroon,15.92
4.6,2005,Cameroon,20.56
0.0,2012,Cameroon,19.15
0.0,2016,Cameroon,16.62
0.0,2017,Cameroon,16.15
0.0,2008,Cameroon,20.12
0.0,2009,Cameroon,19.97
0.0,2002,Cameroon,19.23
0.0,2013,Cameroon,18.71
0.0,2000,Cameroon,19.12
0.0,2003,Cameroon,19.49
0.0,2014,Cameroon,17.94
0.0,2010,Cameroon,19.51
0.0,2004,Cameroon,19.37
4.1,2008,Canada,9.88
5.0,2007,Canada,9.86
4.79,2015,Canada,11.16
3.96,2012,Canada,10.07
4.3,2005,Canada,10.58
4.0,2004,Canada,10.27
4.5,2014,Canada,10.86
4.0,2010,Canada,10.26
4.6,2006,Canada,9.56
4.2,2018,Canada,10.5
4.6,2016,Canada,10.37
3.7,2000,Canada,10.71
3.8,2001,Canada,10.86
4.1,2002,Canada,10.53
4.2,2009,Canada,10.24
3.6,2017,Canada,11.68
6.0,2021,Canada,0.0
4.6,2013,Canada,10.19
4.7,2020,Canada,0.0
3.8,2022,Canada,0.0
4.3,2011,Canada,9.63
5.7,2019,Canada,10.34
5.4,2003,Canada,10.89
0.0,2010,Central African Republic,28.12
0.0,2014,Central African Republic,27.59
0.0,2000,Central African Republic,32.5
0.0,2012,Central African Republic,26.64
0.0,2004,Central African Republic,28.05
0.0,2017,Central African Republic,25.73
0.0,2001,Central African Republic,30.74
0.0,2002,Central African Republic,30.43
0.0,2013,Central African Republic,26.95
0.0,2011,Central African Republic,27.57
0.0,2009,Central African Republic,28.53
0.0,2003,Central African Republic,29.06
0.0,2015,Central African Republic,26.31
0.0,2007,Central African Republic,27.7
4.5,2005,Central African Republic,27.24
0.0,2008,Central African Republic,27.29
0.0,2016,Central African Republic,25.25
0.0,2018,Central African Republic,23.65
0.0,2019,Central African Republic,22.96
0.0,2006,Central African Republic,28.14
4.5,2002,Chile,9.68
4.2,2014,Chile,9.13
4.3,2018,Chile,7.96
4.9,2021,Chile,0.0
4.4,2020,Chile,0.0
4.0,2006,Chile,9.72
3.7,2004,Chile,10.01
4.3,2000,Chile,10.52
4.8,2013,Chile,9.15
3.9,2001,Chile,10.38
4.0,2017,Chile,8.39
3.9,2019,Chile,8.04
5.0,2009,Chile,12.12
4.6,2016,Chile,9.18
4.5,1999,Chile,0.0
4.1,2010,Chile,11.01
4.9,2011,Chile,11.0
3.8,2012,Chile,9.86
3.6,2003,Chile,9.69
3.9,2007,Chile,10.65
3.8,2005,Chile,9.49
5.3,2022,Chile,0.0
4.3,2015,Chile,9.17
4.0,2008,Chile,11.76
4.5,2011,China,8.84
4.2,2002,China,12.52
4.2,2014,China,7.35
4.0,2013,China,7.65
5.0,2021,China,0.0
4.4,2006,China,11.88
4.4,2019,China,6.67
4.4,2022,China,0.0
4.7,2004,China,13.39
4.2,2005,China,12.83
4.2,2012,China,8.14
4.7,2020,China,0.0
4.3,2015,China,7.08
4.6,2017,China,6.89
4.0,2008,China,10.59
4.0,2000,China,14.85
4.4,2009,China,10.09
4.2,2001,China,13.34
5.0,2007,China,11.1
4.1,2016,China,6.99
4.0,2003,China,13.0
4.5,2018,China,6.81
4.9,2010,China,9.59
4.1,2007,Colombia,4.25
3.7,2006,Colombia,4.3
4.2,2011,Colombia,3.67
4.6,2017,Colombia,4.5
4.1,2022,Colombia,0.0
4.6,2019,Colombia,3.74
3.7,2008,Colombia,4.27
4.4,2020,Colombia,0.0
4.0,2005,Colombia,4.33
4.4,2010,Colombia,3.85
5.0,2015,Colombia,4.04
4.3,2012,Colombia,3.81
4.4,2021,Colombia,0.0
4.5,2009,Colombia,4.15
4.1,2001,Colombia,5.23
4.8,2013,Colombia,3.62
4.8,2004,Colombia,4.7
4.7,2016,Colombia,4.11
4.5,2018,Colombia,3.87
4.3,2002,Colombia,4.88
4.1,2014,Colombia,3.69
4.5,2003,Colombia,4.81
4.1,2000,Colombia,5.3
0.0,2018,Comoros,8.48
5.1,2010,Comoros,9.01
0.0,2017,Comoros,8.58
4.6,2004,Comoros,9.33
4.3,2019,Comoros,8.46
5.0,2020,Comoros,0.0
5.0,2012,Comoros,8.62
4.6,2015,Comoros,8.8
5.1,2016,Comoros,8.72
0.0,2001,Comoros,10.63
4.8,2014,Comoros,8.87
0.0,2003,Comoros,9.84
4.6,2006,Comoros,9.06
4.2,2002,Comoros,10.22
0.0,2008,Comoros,8.99
0.0,2011,Comoros,8.53
4.2,2005,Comoros,9.1
4.7,2013,Comoros,8.51
5.0,2007,Comoros,8.86
5.2,2000,Comoros,10.87
0.0,2009,Comoros,8.55
3.8,2006,Congo,17.16
4.1,2016,Congo,12.29
4.7,2002,Congo,19.77
4.4,2022,Congo,0.0
4.9,2000,Congo,24.75
4.2,2010,Congo,15.79
4.7,2012,Congo,15.5
4.4,2003,Congo,18.41
4.4,2014,Congo,13.53
3.9,2008,Congo,15.96
4.4,2020,Congo,0.0
4.8,2015,Congo,12.46
4.8,2021,Congo,0.0
4.3,2009,Congo,16.3
4.6,2007,Congo,16.59
4.4,2011,Congo,15.3
4.4,2005,Congo,17.36
4.2,2018,Congo,11.63
4.8,2017,Congo,11.89
0.0,2004,Congo,18.25
4.6,2013,Congo,14.49
4.9,2019,Congo,11.62
4.5,2001,Congo,21.87
4.2,2020,Costa Rica,0.0
4.5,2011,Costa Rica,6.7
4.4,2019,Costa Rica,7.62
4.5,2006,Costa Rica,8.43
4.2,2000,Costa Rica,6.85
4.4,2007,Costa Rica,5.64
4.4,2012,Costa Rica,6.34
4.3,2003,Costa Rica,8.14
4.1,2018,Costa Rica,6.79
3.8,2022,Costa Rica,0.0
4.3,2002,Costa Rica,7.25
4.7,2016,Costa Rica,7.29
4.7,2004,Costa Rica,8.37
4.1,2014,Costa Rica,5.35
5.3,2005,Costa Rica,6.69
4.1,2001,Costa Rica,5.57
4.3,2021,Costa Rica,0.0
4.4,2010,Costa Rica,6.76
5.0,2008,Costa Rica,5.49
5.2,2009,Costa Rica,5.55
4.6,2013,Costa Rica,6.42
4.6,2015,Costa Rica,6.41
4.8,2017,Costa Rica,5.79
4.4,2019,Croatia,11.01
3.7,2002,Croatia,14.9
3.6,2005,Croatia,15.03
0.0,2012,Croatia,13.11
4.3,2011,Croatia,11.76
4.2,2006,Croatia,13.7
3.7,2022,Croatia,0.0
4.2,2013,Croatia,12.31
3.6,2008,Croatia,13.36
4.0,2017,Croatia,10.87
0.0,2009,Croatia,13.24
4.3,2020,Croatia,0.0
4.3,2010,Croatia,13.2
4.9,2021,Croatia,0.0
4.4,2000,Croatia,16.3
3.6,2003,Croatia,15.13
4.0,2015,Croatia,12.15
3.6,2004,Croatia,15.1
0.0,2014,Croatia,12.4
3.8,2007,Croatia,13.38
4.2,2018,Croatia,11.1
4.4,2016,Croatia,11.48
3.6,2001,Croatia,15.33
4.0,2007,Cuba,9.92
4.1,2020,Cuba,0.0
5.1,2010,Cuba,11.45
4.7,2004,Cuba,12.02
4.3,2002,Cuba,12.91
4.1,2017,Cuba,10.53
4.0,2021,Cuba,0.0
0.0,2012,Cuba,10.74
3.8,2018,Cuba,10.17
5.2,2011,Cuba,11.13
4.2,2013,Cuba,10.64
3.8,2009,Cuba,11.08
4.3,2006,Cuba,10.63
5.0,2016,Cuba,9.73
4.3,2019,Cuba,10.19
4.3,2001,Cuba,13.72
4.4,2008,Cuba,10.39
4.3,2000,Cuba,15.63
4.4,2014,Cuba,10.23
4.0,2015,Cuba,10.36
4.8,2022,Cuba,0.0
4.1,2005,Cuba,11.1
5.1,2003,Cuba,11.98
4.0,2011,Cyprus,3.7
4.1,2008,Cyprus,5.55
4.0,2016,Cyprus,4.15
3.6,2002,Cyprus,2.03
4.3,2003,Cyprus,2.06
4.5,2010,Cyprus,4.63
4.5,2012,Cyprus,4.9
4.1,2013,Cyprus,5.1
3.8,2001,Cyprus,1.98
4.2,2019,Cyprus,3.18
4.4,2021,Cyprus,0.0
4.3,2007,Cyprus,2.82
4.0,2017,Cyprus,3.28
4.1,2020,Cyprus,0.0
3.9,2006,Cyprus,3.22
4.2,2004,Cyprus,0.82
4.1,2005,Cyprus,2.34
4.2,2014,Cyprus,4.77
4.5,2000,Cyprus,1.92
4.8,2009,Cyprus,3.99
4.2,2015,Cyprus,4.17
3.9,2018,Cyprus,3.64
4.0,2022,Cyprus,0.0
4.2,2008,Czechia,11.33
3.8,2014,Czechia,11.7
4.0,2011,Czechia,12.9
3.6,2001,Czechia,13.23
0.0,2015,Czechia,10.49
0.0,2007,Czechia,11.25
0.0,2009,Czechia,11.83
0.0,2004,Czechia,13.12
0.0,2016,Czechia,10.34
4.6,2002,Czechia,12.37
0.0,2012,Czechia,13.05
0.0,2003,Czechia,13.69
0.0,2018,Czechia,10.83
0.0,2019,Czechia,9.48
3.8,2000,Czechia,13.42
3.6,2006,Czechia,11.47
0.0,2010,Czechia,11.93
3.8,2005,Czechia,12.61
0.0,2017,Czechia,11.2
0.0,2013,Czechia,12.77
0.0,2011,Democratic People's Republic of Korea,9.24
0.0,2012,Democratic People's Republic of Korea,9.09
4.2,2019,Democratic People's Republic of Korea,8.2
0.0,2015,Democratic People's Republic of Korea,9.47
5.3,2016,Democratic People's Republic of Korea,9.24
4.0,2004,Democratic People's Republic of Korea,9.23
4.5,2007,Democratic People's Republic of Korea,8.93
3.6,2017,Democratic People's Republic of Korea,8.65
4.3,2022,Democratic People's Republic of Korea,0.0
3.8,2020,Democratic People's Republic of Korea,0.0
4.3,2021,Democratic People's Republic of Korea,0.0
5.0,2014,Democratic People's Republic of Korea,9.13
0.0,2010,Democratic People's Republic of Korea,9.19
0.0,2001,Democratic People's Republic of Korea,9.93
4.9,2000,Democratic People's Republic of Korea,10.29
0.0,2003,Democratic People's Republic of Korea,9.43
0.0,2005,Democratic People's Republic of Korea,9.04
4.7,2009,Democratic People's Republic of Korea,9.13
4.3,2006,Democratic People's Republic of Korea,8.95
4.5,2018,Democratic People's Republic of Korea,8.19
0.0,2008,Democratic People's Republic of Korea,9.2
4.5,2002,Democratic People's Republic of Korea,9.84
4.8,2013,Democratic People's Republic of Korea,9.12
0.0,2007,Denmark,9.5
3.8,2018,Denmark,8.18
0.0,2000,Denmark,12.5
0.0,2019,Denmark,7.63
0.0,2001,Denmark,12.35
0.0,2002,Denmark,11.18
0.0,2011,Denmark,9.67
0.0,2009,Denmark,9.81
4.4,2010,Denmark,8.92
0.0,2003,Denmark,10.31
0.0,2004,Denmark,11.11
0.0,2008,Denmark,10.04
0.0,2012,Denmark,9.82
0.0,2005,Denmark,11.1
0.0,2015,Denmark,8.07
0.0,2006,Denmark,11.2
0.0,2014,Denmark,9.09
0.0,2017,Denmark,8.28
0.0,2016,Denmark,8.24
0.0,2013,Denmark,8.98
0.0,2003,Djibouti,12.06
4.6,2011,Djibouti,11.84
4.6,2007,Djibouti,11.5
4.6,2005,Djibouti,12.02
0.0,2018,Djibouti,12.17
4.5,2006,Djibouti,11.72
5.4,2004,Djibouti,12.12
4.3,2016,Djibouti,12.08
4.4,2020,Djibouti,0.0
4.5,2002,Djibouti,11.96
5.2,2001,Djibouti,11.71
4.4,2012,Djibouti,11.9
0.0,2000,Djibouti,12.06
4.4,2008,Djibouti,11.44
4.4,2009,Djibouti,11.47
4.1,2014,Djibouti,12.19
4.6,2015,Djibouti,11.89
4.5,2017,Djibouti,12.32
0.0,2013,Djibouti,12.13
0.0,2019,Djibouti,11.95
4.3,2010,Djibouti,11.72
3.9,2001,Dominican Republic,4.75
4.1,2005,Dominican Republic,5.59
3.7,2007,Dominican Republic,5.69
3.61,2017,Dominican Republic,6.02
3.61,2020,Dominican Republic,0.0
4.0,2012,Dominican Republic,5.8
4.3,2022,Dominican Republic,0.0
3.8,2006,Dominican Republic,5.61
3.69,2021,Dominican Republic,0.0
3.7,2000,Dominican Republic,4.9
4.2,2013,Dominican Republic,6.06
4.2,2016,Dominican Republic,6.77
4.1,2015,Dominican Republic,6.84
4.6,2009,Dominican Republic,5.63
3.7,2014,Dominican Republic,6.59
3.9,2002,Dominican Republic,4.9
3.9,2004,Dominican Republic,5.32
5.1,2008,Dominican Republic,5.61
3.7,2018,Dominican Republic,5.49
4.8,2003,Dominican Republic,5.33
3.7,2011,Dominican Republic,5.5
4.13,2019,Dominican Republic,5.11
4.0,2010,Dominican Republic,5.38
5.0,2013,Ecuador,9.68
4.6,2011,Ecuador,10.01
4.2,2004,Ecuador,9.43
4.9,2008,Ecuador,10.83
4.4,2006,Ecuador,10.39
4.0,2007,Ecuador,10.54
4.4,2015,Ecuador,8.88
4.8,2010,Ecuador,10.18
4.5,2019,Ecuador,7.68
4.2,2016,Ecuador,9.06
4.5,2020,Ecuador,0.0
4.7,2009,Ecuador,10.76
4.5,2003,Ecuador,8.89
4.5,2017,Ecuador,9.26
6.1,2005,Ecuador,10.3
4.4,2012,Ecuador,10.26
4.6,2001,Ecuador,7.3
4.5,2002,Ecuador,8.36
4.2,2022,Ecuador,0.0
4.6,2021,Ecuador,0.0
4.4,2014,Ecuador,8.9
4.2,2018,Ecuador,8.12
4.9,2000,Ecuador,6.84
4.1,2017,Egypt,3.39
4.7,2022,Egypt,0.0
0.0,2010,Egypt,3.62
4.7,2003,Egypt,3.71
4.2,2008,Egypt,3.51
0.0,2018,Egypt,3.37
4.4,2019,Egypt,3.41
4.4,2002,Egypt,3.74
4.5,2000,Egypt,3.62
4.2,2013,Egypt,3.77
4.0,2004,Egypt,3.66
4.5,2011,Egypt,3.69
4.1,2005,Egypt,3.59
4.4,2016,Egypt,3.63
4.0,2007,Egypt,3.51
4.1,2014,Egypt,3.69
5.1,2012,Egypt,3.83
4.5,2006,Egypt,3.56
4.5,2015,Egypt,3.72
4.1,2020,Egypt,0.0
4.4,2001,Egypt,3.75
4.3,2021,Egypt,0.0
0.0,2009,Egypt,3.55
3.7,2004,El Salvador,7.34
4.5,2015,El Salvador,6.78
4.5,2017,El Salvador,6.16
4.2,2003,El Salvador,7.22
4.5,2022,El Salvador,0.0
4.7,2016,El Salvador,5.77
4.4,2000,El Salvador,6.73
4.4,2009,El Salvador,8.95
4.3,2014,El Salvador,5.96
4.4,2019,El Salvador,6.11
4.6,2007,El Salvador,8.48
3.8,2006,El Salvador,6.99
4.2,2002,El Salvador,5.92
4.4,2001,El Salvador,7.42
4.9,2018,El Salvador,6.07
4.1,2020,El Salvador,0.0
4.1,2021,El Salvador,0.0
4.3,2013,El Salvador,6.72
3.8,2008,El Salvador,7.28
4.7,2012,El Salvador,6.97
4.8,2005,El Salvador,8.2
4.9,2010,El Salvador,6.4
4.5,2011,El Salvador,8.02
0.0,2004,Equatorial Guinea,14.62
0.0,2002,Equatorial Guinea,15.81
0.0,2003,Equatorial Guinea,15.31
4.4,2018,Equatorial Guinea,14.06
4.6,2016,Equatorial Guinea,14.97
0.0,2001,Equatorial Guinea,17.63
0.0,2014,Equatorial Guinea,14.22
0.0,2013,Equatorial Guinea,13.76
0.0,2012,Equatorial Guinea,15.53
0.0,2019,Equatorial Guinea,13.51
4.5,2010,Equatorial Guinea,15.27
0.0,2008,Equatorial Guinea,13.95
0.0,2017,Equatorial Guinea,13.16
0.0,2006,Equatorial Guinea,14.41
0.0,2007,Equatorial Guinea,14.18
0.0,2009,Equatorial Guinea,13.89
0.0,2005,Equatorial Guinea,14.11
0.0,2000,Equatorial Guinea,19.35
0.0,2015,Equatorial Guinea,15.33
0.0,2011,Equatorial Guinea,16.64
0.0,2001,Eritrea,22.48
4.1,2007,Eritrea,20.83
4.3,2021,Eritrea,0.0
3.9,2006,Eritrea,21.16
4.0,2008,Eritrea,21.27
4.1,2014,Eritrea,18.87
5.0,2013,Eritrea,19.24
0.0,2009,Eritrea,20.86
4.8,2012,Eritrea,19.73
4.6,2015,Eritrea,18.69
0.0,2000,Eritrea,23.41
4.2,2004,Eritrea,20.88
4.7,2018,Eritrea,17.84
0.0,2017,Eritrea,18.0
4.5,2019,Eritrea,17.26
4.6,2011,Eritrea,20.16
0.0,2010,Eritrea,20.53
4.4,2022,Eritrea,0.0
4.2,2005,Eritrea,20.95
4.4,2016,Eritrea,18.3
4.4,2020,Eritrea,0.0
4.4,2002,Eritrea,22.07
0.0,2003,Eritrea,20.74
0.0,2003,Eswatini,55.43
0.0,2009,Eswatini,75.15
0.0,2014,Eswatini,54.63
0.0,2013,Eswatini,62.02
0.0,2007,Eswatini,74.12
0.0,2012,Eswatini,66.26
0.0,2015,Eswatini,49.19
0.0,2008,Eswatini,75.82
0.0,2010,Eswatini,70.49
0.0,2017,Eswatini,42.91
0.0,2018,Eswatini,40.13
0.0,2004,Eswatini,57.92
4.5,2000,Eswatini,40.57
0.0,2001,Eswatini,45.08
0.0,2016,Eswatini,46.24
3.7,2019,Eswatini,40.46
0.0,2011,Eswatini,65.99
0.0,2002,Eswatini,51.14
0.0,2006,Eswatini,64.93
0.0,2005,Eswatini,60.09
4.6,2007,Ethiopia,14.52
4.0,2001,Ethiopia,17.51
0.0,2019,Ethiopia,9.45
4.3,2015,Ethiopia,9.98
5.2,2018,Ethiopia,9.54
4.3,2000,Ethiopia,18.39
4.4,2006,Ethiopia,14.85
5.0,2009,Ethiopia,13.67
5.1,2002,Ethiopia,16.93
4.4,2014,Ethiopia,10.02
5.1,2011,Ethiopia,12.38
5.3,2017,Ethiopia,9.63
0.0,2012,Ethiopia,11.34
5.5,2004,Ethiopia,15.79
5.1,2010,Ethiopia,13.1
4.0,2003,Ethiopia,16.34
4.4,2021,Ethiopia,0.0
4.5,2020,Ethiopia,0.0
0.0,2013,Ethiopia,10.43
4.5,2005,Ethiopia,15.34
4.4,2016,Ethiopia,9.78
4.0,2008,Ethiopia,14.24
5.1,2022,Ethiopia,0.0
5.0,2010,Fiji,10.12
4.5,2003,Fiji,10.48
4.2,2002,Fiji,10.96
4.5,2015,Fiji,10.01
5.2,2011,Fiji,10.33
4.3,2014,Fiji,10.27
4.4,2013,Fiji,10.51
4.4,2001,Fiji,11.36
4.5,2018,Fiji,9.72
4.6,2020,Fiji,0.0
4.3,2022,Fiji,0.0
4.6,2017,Fiji,9.91
4.3,2019,Fiji,9.51
4.4,2007,Fiji,10.05
4.4,2008,Fiji,10.2
4.8,2009,Fiji,10.16
4.4,2004,Fiji,10.04
3.9,2000,Fiji,11.69
4.1,2005,Fiji,10.16
5.1,2021,Fiji,0.0
4.9,2012,Fiji,10.5
4.2,2006,Fiji,9.86
4.4,2016,Fiji,10.03
3.9,2022,France,0.0
3.6,2006,France,14.36
4.2,2009,France,14.08
3.6,2008,France,13.96
3.7,2020,France,0.0
3.6,2001,France,15.37
3.7,2000,France,15.81
4.5,2013,France,12.5
4.1,2018,France,10.05
4.1,2014,France,11.45
3.7,2004,France,15.29
3.6,2017,France,10.4
3.9,2016,France,10.7
3.8,2005,France,14.82
4.8,2019,France,9.65
4.1,2021,France,0.0
3.8,2007,France,13.78
4.8,2012,France,13.36
4.8,2002,France,15.59
3.8,2015,France,11.48
4.0,2003,France,15.75
4.0,2010,France,13.89
4.3,2011,France,13.59
0.0,2003,Gabon,16.6
0.0,2008,Gabon,17.34
4.5,2021,Gabon,0.0
0.0,2004,Gabon,15.21
0.0,2019,Gabon,13.11
0.0,2009,Gabon,15.89
0.0,2000,Gabon,19.36
5.5,2022,Gabon,0.0
0.0,2001,Gabon,18.31
0.0,2002,Gabon,16.85
0.0,2006,Gabon,16.35
0.0,2011,Gabon,15.78
0.0,2007,Gabon,16.0
0.0,2016,Gabon,14.55
0.0,2005,Gabon,15.66
0.0,2017,Gabon,13.85
0.0,2015,Gabon,15.17
0.0,2014,Gabon,15.39
0.0,2012,Gabon,13.97
0.0,2018,Gabon,13.56
0.0,2013,Gabon,13.57
0.0,2010,Gabon,15.77
0.0,2015,Germany,9.0
3.8,2008,Germany,9.06
0.0,2012,Germany,8.98
3.9,2011,Germany,9.25
3.9,2006,Germany,9.25
4.1,2018,Germany,8.46
4.7,2003,Germany,10.79
3.7,2007,Germany,8.94
3.6,2005,Germany,9.81
3.6,2001,Germany,11.12
0.0,2019,Germany,8.27
3.6,2014,Germany,9.19
0.0,2013,Germany,9.22
0.0,2010,Germany,9.5
0.0,2017,Germany,8.34
4.1,2009,Germany,9.13
3.6,2002,Germany,11.0
4.0,2022,Germany,0.0
0.0,2016,Germany,8.82
3.6,2004,Germany,10.38
4.0,2000,Germany,11.16
0.0,2004,Ghana,11.91
0.0,2003,Ghana,11.44
0.0,2005,Ghana,12.16
0.0,2006,Ghana,12.35
0.0,2007,Ghana,12.42
0.0,2000,Ghana,9.75
0.0,2012,Ghana,12.99
0.0,2019,Ghana,10.54
0.0,2009,Ghana,13.03
0.0,2016,Ghana,11.74
0.0,2002,Ghana,10.96
0.0,2013,Ghana,12.79
0.0,2001,Ghana,10.46
0.0,2018,Ghana,10.79
0.0,2015,Ghana,12.02
4.0,2020,Ghana,0.0
0.0,2008,Ghana,12.86
0.0,2017,Ghana,11.31
0.0,2010,Ghana,13.26
0.0,2014,Ghana,12.4
0.0,2011,Ghana,13.11
4.3,2019,Greece,3.62
3.6,2004,Greece,2.48
4.0,2016,Greece,3.42
4.5,2008,Greece,2.63
3.9,2007,Greece,2.45
4.1,2021,Greece,0.0
4.0,2012,Greece,3.73
4.3,2013,Greece,3.96
4.1,2005,Greece,2.87
4.4,2020,Greece,0.0
3.7,2003,Greece,2.7
3.9,2006,Greece,2.9
4.4,2014,Greece,4.04
3.9,2002,Greece,2.29
3.6,1999,Greece,0.0
4.0,2022,Greece,0.0
4.5,2009,Greece,2.87
4.0,2010,Greece,2.72
4.4,2017,Greece,3.79
3.8,2000,Greece,2.86
4.2,2018,Greece,3.65
4.2,2015,Greece,3.78
4.7,2001,Greece,2.52
4.7,2011,Greece,3.51
4.5,2022,Grenada,0.0
0.0,2018,Grenada,0.35
4.0,2007,Grenada,1.89
0.0,2019,Grenada,0.64
4.6,2017,Grenada,0.67
3.6,2005,Grenada,3.22
4.0,2012,Grenada,1.64
3.6,2008,Grenada,2.05
0.0,2009,Grenada,0.52
0.0,2003,Grenada,2.57
4.2,2002,Grenada,3.42
4.5,2006,Grenada,4.94
0.0,2016,Grenada,0.91
0.0,2010,Grenada,0.73
0.0,2004,Grenada,4.89
4.3,2001,Grenada,0.37
0.0,2014,Grenada,0.45
4.0,2000,Grenada,2.12
4.2,2013,Grenada,1.12
0.0,2015,Grenada,0.62
0.0,2011,Grenada,1.57
4.4,2013,Guatemala,6.67
4.6,2012,Guatemala,7.01
4.2,2000,Guatemala,13.48
4.6,2020,Guatemala,0.0
4.6,2011,Guatemala,7.63
4.5,2021,Guatemala,0.0
4.3,2019,Guatemala,6.23
4.0,2014,Guatemala,6.41
5.0,2015,Guatemala,6.4
4.0,2007,Guatemala,10.36
4.4,2018,Guatemala,6.31
4.2,2017,Guatemala,6.01
4.9,2016,Guatemala,6.21
4.1,2022,Guatemala,0.0
4.0,2010,Guatemala,8.66
4.3,2005,Guatemala,14.16
4.1,2003,Guatemala,13.86
4.4,2009,Guatemala,9.46
4.4,2004,Guatemala,13.94
5.2,2006,Guatemala,13.31
4.5,2001,Guatemala,14.09
4.3,2008,Guatemala,9.87
4.0,2002,Guatemala,13.67
0.0,2017,Guinea,12.47
0.0,2010,Guinea,12.47
4.3,2004,Guinea,10.44
0.0,2011,Guinea,12.78
0.0,2015,Guinea,12.99
0.0,2002,Guinea,10.12
0.0,2013,Guinea,13.2
0.0,2016,Guinea,12.79
0.0,2000,Guinea,9.73
0.0,2014,Guinea,12.97
0.0,2019,Guinea,12.33
4.6,2018,Guinea,12.24
0.0,2003,Guinea,10.23
4.2,2021,Guinea,0.0
0.0,2005,Guinea,10.41
4.2,2012,Guinea,12.91
0.0,2001,Guinea,9.78
0.0,2006,Guinea,11.07
0.0,2008,Guinea,11.75
0.0,2009,Guinea,11.88
4.5,2020,Guinea,0.0
0.0,2007,Guinea,11.66
4.6,2008,Guyana,33.68
4.0,2007,Guyana,35.06
0.0,2017,Guyana,39.86
0.0,2001,Guyana,39.86
0.0,2016,Guyana,39.65
4.8,2021,Guyana,0.0
0.0,2002,Guyana,39.77
0.0,2018,Guyana,40.41
0.0,2000,Guyana,35.75
0.0,2015,Guyana,39.3
0.0,2019,Guyana,40.85
0.0,2004,Guyana,37.31
0.0,2014,Guyana,39.52
0.0,2010,Guyana,36.37
4.1,2013,Guyana,40.71
0.0,2011,Guyana,35.31
0.0,2003,Guyana,38.13
3.8,2009,Guyana,36.31
0.0,2012,Guyana,37.62
0.0,2005,Guyana,35.58
4.0,2006,Guyana,34.96
4.5,2010,Haiti,13.2
4.3,2022,Haiti,0.0
3.8,2006,Haiti,12.12
3.8,2013,Haiti,12.03
4.2,2005,Haiti,11.99
4.4,2007,Haiti,12.58
4.4,2001,Haiti,12.36
0.0,2003,Haiti,12.01
4.4,2021,Haiti,0.0
4.4,2018,Haiti,11.37
4.4,2011,Haiti,12.46
0.0,2002,Haiti,12.09
4.6,2004,Haiti,11.66
0.0,2009,Haiti,12.76
4.4,2016,Haiti,11.64
4.0,2014,Haiti,12.0
3.6,2017,Haiti,11.45
4.1,2000,Haiti,12.72
3.7,2012,Haiti,12.18
4.7,2020,Haiti,0.0
4.3,2015,Haiti,11.97
4.4,2019,Haiti,11.17
4.3,2008,Haiti,12.59
4.4,2019,Honduras,2.58
4.9,2021,Honduras,0.0
4.1,2022,Honduras,0.0
4.7,2012,Honduras,3.95
4.4,2016,Honduras,2.66
4.2,2013,Honduras,3.9
4.3,2017,Honduras,2.71
4.2,2020,Honduras,0.0
4.2,2018,Honduras,2.6
5.2,2014,Honduras,4.07
4.4,2015,Honduras,4.57
4.4,2004,Honduras,2.97
4.2,2003,Honduras,3.04
4.4,2008,Honduras,2.84
4.2,2001,Honduras,2.99
6.0,2002,Honduras,3.02
4.6,2006,Honduras,2.97
4.5,2011,Honduras,2.59
4.0,2005,Honduras,2.98
5.3,2007,Honduras,2.92
3.9,2000,Honduras,3.01
4.6,2010,Honduras,2.66
4.8,2009,Honduras,2.72
0.0,2009,Hungary,19.54
0.0,2012,Hungary,18.37
4.0,2002,Hungary,22.79
4.0,2003,Hungary,21.79
0.0,2000,Hungary,26.62
4.0,2014,Hungary,14.96
0.0,2010,Hungary,19.17
4.3,2011,Hungary,18.95
4.1,2013,Hungary,16.14
0.0,2001,Hungary,23.76
0.0,2008,Hungary,19.13
0.0,2016,Hungary,13.34
0.0,2017,Hungary,12.62
0.0,2015,Hungary,14.6
3.9,2005,Hungary,20.48
0.0,2007,Hungary,18.89
0.0,2006,Hungary,19.22
4.1,2004,Hungary,21.6
0.0,2018,Hungary,12.58
4.5,2019,Hungary,11.77
4.2,2007,Iceland,13.49
4.6,2003,Iceland,12.01
4.1,2008,Iceland,13.35
4.1,2000,Iceland,12.68
4.7,2019,Iceland,11.15
4.5,2017,Iceland,11.66
4.3,2018,Iceland,10.12
4.0,2004,Iceland,11.48
4.1,2016,Iceland,12.26
5.5,2012,Iceland,12.53
5.1,2005,Iceland,10.81
4.2,2013,Iceland,12.45
4.2,2006,Iceland,11.26
4.2,2020,Iceland,0.0
4.6,2009,Iceland,12.88
4.3,2001,Iceland,12.44
4.6,2011,Iceland,10.69
5.2,2010,Iceland,11.79
4.3,2002,Iceland,11.75
4.4,2021,Iceland,0.0
4.6,2014,Iceland,14.37
4.3,2022,Iceland,0.0
4.5,2015,Iceland,13.17
4.1,2010,India,15.56
4.6,2006,India,17.14
4.5,2014,India,13.49
4.5,2004,India,16.82
4.7,2018,India,12.88
4.8,2002,India,18.16
4.8,2011,India,15.5
4.5,2019,India,12.91
4.5,2021,India,0.0
4.4,2008,India,16.32
4.7,2017,India,12.48
3.8,2005,India,17.01
4.3,2012,India,15.07
4.2,2001,India,18.68
5.0,2016,India,12.6
4.3,2003,India,17.25
4.7,2020,India,0.0
3.9,2000,India,19.09
4.2,2009,India,15.59
4.5,2007,India,16.69
4.6,2022,India,0.0
4.7,2013,India,14.45
4.6,2015,India,12.92
4.6,2016,Indonesia,2.58
4.8,2013,Indonesia,2.69
4.7,2003,Indonesia,3.55
4.2,2014,Indonesia,2.62
5.1,2008,Indonesia,3.06
4.9,2004,Indonesia,3.47
4.2,2002,Indonesia,3.64
4.5,2018,Indonesia,2.56
4.9,2017,Indonesia,2.58
4.6,2015,Indonesia,2.57
4.6,2010,Indonesia,2.92
4.9,2009,Indonesia,2.98
4.8,2001,Indonesia,3.71
5.3,2011,Indonesia,2.85
4.9,2007,Indonesia,3.15
4.6,2021,Indonesia,0.0
4.3,2006,Indonesia,3.22
4.8,2019,Indonesia,2.55
4.8,2020,Indonesia,0.0
4.6,2005,Indonesia,3.33
4.6,2012,Indonesia,2.76
4.4,2022,Indonesia,0.0
5.1,2000,Indonesia,3.79
4.8,2002,Iran (Islamic Republic of),7.33
4.1,2010,Iran (Islamic Republic of),5.78
4.7,2019,Iran (Islamic Republic of),5.13
4.9,2017,Iran (Islamic Republic of),5.8
4.5,2006,Iran (Islamic Republic of),5.68
4.1,2012,Iran (Islamic Republic of),6.16
4.8,2005,Iran (Islamic Republic of),5.97
4.2,2003,Iran (Islamic Republic of),6.75
4.4,2020,Iran (Islamic Republic of),0.0
4.3,2013,Iran (Islamic Republic of),6.1
4.2,2016,Iran (Islamic Republic of),5.92
4.6,2009,Iran (Islamic Republic of),5.71
4.1,2015,Iran (Islamic Republic of),5.96
4.4,2000,Iran (Islamic Republic of),8.04
4.5,2022,Iran (Islamic Republic of),0.0
3.7,2007,Iran (Islamic Republic of),5.98
4.1,2021,Iran (Islamic Republic of),0.0
4.4,2001,Iran (Islamic Republic of),7.69
3.6,2008,Iran (Islamic Republic of),5.74
4.4,2014,Iran (Islamic Republic of),6.06
4.5,2011,Iran (Islamic Republic of),6.14
4.5,2004,Iran (Islamic Republic of),6.45
4.2,2018,Iran (Islamic Republic of),5.49
4.1,2015,Iraq,5.4
3.8,2005,Iraq,5.13
4.5,2012,Iraq,5.58
4.5,2014,Iraq,5.49
4.0,2016,Iraq,5.33
4.3,2021,Iraq,0.0
3.9,2004,Iraq,5.16
4.2,2022,Iraq,0.0
4.9,2020,Iraq,0.0
4.7,2001,Iraq,5.19
4.3,2011,Iraq,5.52
4.1,2019,Iraq,4.74
0.0,2010,Iraq,5.34
4.5,2007,Iraq,5.02
4.4,2003,Iraq,5.21
3.7,2008,Iraq,4.86
4.0,2013,Iraq,5.7
3.8,2000,Iraq,5.25
4.5,2017,Iraq,5.17
4.4,2006,Iraq,5.15
5.1,2009,Iraq,5.13
4.2,2002,Iraq,5.18
4.5,2018,Iraq,4.88
0.0,2003,Ireland,11.26
0.0,2017,Ireland,9.33
0.0,2001,Ireland,12.47
0.0,2007,Ireland,10.76
0.0,2000,Ireland,12.05
0.0,2010,Ireland,11.17
0.0,2009,Ireland,13.3
4.0,2012,Ireland,11.67
0.0,2008,Ireland,11.45
0.0,2018,Ireland,9.17
0.0,2013,Ireland,10.5
0.0,2002,Ireland,11.53
0.0,2006,Ireland,10.22
0.0,2019,Ireland,8.9
0.0,2015,Ireland,8.71
0.0,2005,Ireland,10.98
0.0,2014,Ireland,10.5
0.0,2011,Ireland,11.83
0.0,2004,Ireland,11.07
0.0,2016,Ireland,9.37
0.0,2010,Israel,6.56
0.0,2005,Israel,6.62
0.0,2012,Israel,5.99
3.9,2020,Israel,0.0
4.1,2011,Israel,5.45
0.0,2000,Israel,6.76
4.0,2007,Israel,5.17
0.0,2014,Israel,5.03
0.0,2006,Israel,5.47
0.0,2019,Israel,5.15
0.0,2002,Israel,5.83
3.7,2022,Israel,0.0
3.8,2004,Israel,6.12
0.0,2017,Israel,4.96
0.0,2001,Israel,6.31
4.0,2008,Israel,5.06
0.0,2003,Israel,6.4
4.1,2022,Israel,0.0
0.0,2016,Israel,5.03
0.0,2009,Israel,5.91
0.0,2013,Israel,5.06
4.2,2015,Israel,4.45
4.7,2018,Israel,5.26
4.1,2001,Italy,5.37
4.0,2006,Italy,4.68
4.6,2014,Italy,5.03
4.3,2021,Italy,0.0
3.7,2005,Italy,4.81
4.0,2002,Italy,5.41
4.3,2000,Italy,5.53
5.0,2018,Italy,4.42
4.0,2008,Italy,4.85
3.9,2004,Italy,5.14
4.0,2012,Italy,5.36
4.2,2017,Italy,4.84
4.1,2007,Italy,4.7
4.6,2019,Italy,4.33
5.2,2010,Italy,4.82
4.2,2016,Italy,4.35
5.1,2013,Italy,5.27
4.7,2011,Italy,5.13
4.0,2003,Italy,5.27
4.2,2022,Italy,0.0
4.6,2015,Italy,4.83
4.3,2009,Italy,4.87
4.6,2020,Italy,0.0
4.5,2020,Jamaica,0.0
5.2,2005,Jamaica,1.6
4.4,2006,Jamaica,1.63
4.0,2004,Jamaica,1.72
4.7,2018,Jamaica,2.21
4.4,2017,Jamaica,2.19
0.0,2015,Jamaica,2.17
4.4,2001,Jamaica,2.01
0.0,2014,Jamaica,2.18
4.2,2009,Jamaica,2.39
4.9,2008,Jamaica,2.29
3.7,2002,Jamaica,1.95
4.5,2019,Jamaica,2.28
4.3,2016,Jamaica,2.18
4.2,2021,Jamaica,0.0
4.4,2007,Jamaica,1.85
4.4,2011,Jamaica,2.28
4.4,2000,Jamaica,2.05
0.0,2003,Jamaica,1.87
4.0,2010,Jamaica,1.97
4.8,2012,Jamaica,2.09
4.1,2013,Jamaica,2.01
4.7,2018,Japan,13.37
4.5,2003,Japan,19.52
4.4,2015,Japan,14.89
5.1,2016,Japan,13.75
3.6,2002,Japan,17.88
4.3,2010,Japan,18.81
4.6,2008,Japan,19.03
5.0,2004,Japan,18.42
4.2,2021,Japan,0.0
4.5,2022,Japan,0.0
4.4,2014,Japan,15.78
4.9,2007,Japan,19.14
4.9,2006,Japan,18.44
4.9,2009,Japan,19.49
4.4,2017,Japan,13.51
5.1,2000,Japan,18.08
5.0,2001,Japan,17.46
4.7,2011,Japan,18.43
5.0,2020,Japan,0.0
4.3,2012,Japan,17.02
4.7,2013,Japan,16.69
4.9,2019,Japan,12.24
4.5,2005,Japan,18.81
0.0,2019,Jordan,1.98
4.5,2007,Jordan,2.37
4.0,2001,Jordan,3.37
0.0,2016,Jordan,1.86
0.0,2002,Jordan,3.2
0.0,2015,Jordan,1.85
0.0,2010,Jordan,2.02
0.0,2008,Jordan,2.22
4.1,2014,Jordan,1.86
0.0,2011,Jordan,1.98
0.0,2000,Jordan,3.5
0.0,2013,Jordan,1.89
0.0,2003,Jordan,3.13
0.0,2009,Jordan,2.09
0.0,2012,Jordan,1.96
4.1,2005,Jordan,2.75
0.0,2006,Jordan,2.56
4.1,2021,Jordan,0.0
4.5,2004,Jordan,2.99
0.0,2017,Jordan,1.87
0.0,2018,Jordan,1.94
4.3,2002,Kazakhstan,38.31
4.3,2010,Kazakhstan,29.41
4.3,2014,Kazakhstan,24.23
4.3,2009,Kazakhstan,29.61
4.5,2015,Kazakhstan,23.42
4.9,2008,Kazakhstan,33.76
4.1,2022,Kazakhstan,0.0
4.5,2016,Kazakhstan,22.01
4.1,2020,Kazakhstan,0.0
3.6,2000,Kazakhstan,39.43
4.4,2017,Kazakhstan,21.19
4.4,2011,Kazakhstan,28.29
4.5,2007,Kazakhstan,37.21
4.1,2021,Kazakhstan,0.0
4.0,2003,Kazakhstan,39.05
4.1,2012,Kazakhstan,27.33
4.5,2018,Kazakhstan,19.41
4.4,2006,Kazakhstan,37.23
3.8,2004,Kazakhstan,39.28
4.4,2005,Kazakhstan,38.59
4.6,2013,Kazakhstan,26.16
5.3,2001,Kazakhstan,39.37
4.3,2019,Kazakhstan,18.05
0.0,2005,Kenya,12.92
4.9,2007,Kenya,13.01
5.0,2020,Kenya,0.0
4.0,2011,Kenya,11.77
4.5,2008,Kenya,12.77
4.2,2015,Kenya,10.64
4.7,2001,Kenya,14.69
5.0,2010,Kenya,11.85
0.0,2014,Kenya,11.08
0.0,2002,Kenya,13.91
0.0,2000,Kenya,15.81
0.0,2004,Kenya,12.22
0.0,2003,Kenya,13.2
0.0,2016,Kenya,10.45
4.5,2012,Kenya,11.67
0.0,2009,Kenya,12.13
4.7,2019,Kenya,11.01
0.0,2013,Kenya,11.57
0.0,2017,Kenya,10.6
4.2,2006,Kenya,12.68
0.0,2018,Kenya,11.03
0.0,2009,Kiribati,32.95
4.6,2016,Kiribati,31.38
0.0,2003,Kiribati,32.47
0.0,2005,Kiribati,32.52
0.0,2011,Kiribati,32.85
5.1,2018,Kiribati,30.27
0.0,2013,Kiribati,32.34
0.0,2001,Kiribati,35.26
4.7,2021,Kiribati,0.0
0.0,2012,Kiribati,32.04
0.0,2019,Kiribati,30.56
0.0,2010,Kiribati,32.65
0.0,2000,Kiribati,35.64
0.0,2014,Kiribati,31.62
5.2,2004,Kiribati,31.99
0.0,2017,Kiribati,31.51
0.0,2015,Kiribati,31.59
0.0,2002,Kiribati,34.5
0.0,2007,Kiribati,32.84
0.0,2008,Kiribati,33.45
0.0,2006,Kiribati,31.46
0.0,2001,Kuwait,2.73
4.4,2015,Kuwait,2.4
0.0,2009,Kuwait,2.68
0.0,2000,Kuwait,3.1
0.0,2004,Kuwait,2.74
0.0,2002,Kuwait,2.9
4.3,2021,Kuwait,0.0
0.0,2019,Kuwait,2.66
0.0,2005,Kuwait,2.7
0.0,2018,Kuwait,2.56
0.0,2014,Kuwait,2.38
0.0,2017,Kuwait,2.5
4.4,2022,Kuwait,0.0
0.0,2010,Kuwait,2.43
4.3,2020,Kuwait,0.0
0.0,2013,Kuwait,2.34
0.0,2011,Kuwait,2.24
0.0,2016,Kuwait,2.45
4.6,2006,Kuwait,2.72
0.0,2003,Kuwait,2.69
4.0,2007,Kuwait,2.59
3.9,2008,Kuwait,2.92
4.2,2012,Kuwait,2.31
4.3,2001,Kyrgyzstan,16.4
4.3,2021,Kyrgyzstan,0.0
4.6,2020,Kyrgyzstan,0.0
3.8,2002,Kyrgyzstan,16.19
4.6,2017,Kyrgyzstan,9.23
4.4,2008,Kyrgyzstan,13.21
4.3,2022,Kyrgyzstan,0.0
4.1,2004,Kyrgyzstan,14.21
4.2,2012,Kyrgyzstan,11.92
4.1,2014,Kyrgyzstan,11.48
3.9,2013,Kyrgyzstan,11.42
4.4,2011,Kyrgyzstan,12.25
5.1,2007,Kyrgyzstan,13.75
3.9,2003,Kyrgyzstan,15.16
4.2,2015,Kyrgyzstan,10.87
4.4,2000,Kyrgyzstan,17.6
4.9,2019,Kyrgyzstan,8.28
4.2,2016,Kyrgyzstan,9.58
5.8,2006,Kyrgyzstan,14.38
4.1,2018,Kyrgyzstan,8.92
4.2,2010,Kyrgyzstan,12.39
4.1,2005,Kyrgyzstan,14.55
4.4,2009,Kyrgyzstan,12.82
3.7,2016,Lebanon,2.78
4.0,2008,Lebanon,3.01
3.8,2003,Lebanon,2.86
0.0,2012,Lebanon,2.99
4.0,2009,Lebanon,3.04
3.7,2005,Lebanon,2.89
4.0,2014,Lebanon,2.84
0.0,2015,Lebanon,2.87
0.0,2002,Lebanon,2.88
0.0,2019,Lebanon,2.76
0.0,2013,Lebanon,3.01
0.0,2010,Lebanon,3.04
0.0,2004,Lebanon,2.88
0.0,2007,Lebanon,2.99
4.0,2001,Lebanon,2.91
0.0,2017,Lebanon,2.99
0.0,2000,Lebanon,2.99
3.9,2006,Lebanon,2.67
3.8,2018,Lebanon,2.53
0.0,2011,Lebanon,3.06
0.0,2011,Lesotho,91.07
4.3,2002,Lesotho,42.55
0.0,2019,Lesotho,87.48
0.0,2012,Lesotho,102.0
0.0,2005,Lesotho,46.74
0.0,2018,Lesotho,93.07
0.0,2006,Lesotho,55.36
0.0,2017,Lesotho,96.29
0.0,2007,Lesotho,61.27
0.0,2001,Lesotho,40.41
0.0,2015,Lesotho,114.5
0.0,2008,Lesotho,77.79
0.0,2004,Lesotho,47.06
0.0,2009,Lesotho,84.63
0.0,2014,Lesotho,116.2
0.0,2000,Lesotho,42.6
0.0,2010,Lesotho,86.89
0.0,2013,Lesotho,111.4
0.0,2003,Lesotho,45.68
4.3,2016,Lesotho,107.1
3.7,2003,Libya,5.34
0.0,2016,Libya,4.95
3.8,2002,Libya,5.48
4.3,2019,Libya,4.49
4.5,2013,Libya,4.78
4.1,2008,Libya,5.41
0.0,2001,Libya,5.4
4.0,2007,Libya,5.11
4.0,2018,Libya,5.7
0.0,2011,Libya,4.98
5.0,2009,Libya,5.65
4.1,2015,Libya,5.48
4.1,2020,Libya,0.0
0.0,2004,Libya,4.67
4.1,2021,Libya,0.0
4.5,2005,Libya,4.58
4.1,2006,Libya,4.48
4.3,2017,Libya,5.48
5.2,2022,Libya,0.0
0.0,2010,Libya,5.44
0.0,2014,Libya,6.06
4.5,2012,Libya,5.55
5.2,2000,Libya,5.3
0.0,2000,Madagascar,10.75
3.6,2007,Madagascar,10.38
4.5,2018,Madagascar,9.24
4.7,2019,Madagascar,9.18
0.0,2001,Madagascar,10.56
0.0,2002,Madagascar,10.78
4.2,2012,Madagascar,9.89
4.4,2022,Madagascar,0.0
0.0,2011,Madagascar,10.15
5.5,2017,Madagascar,9.33
4.5,2010,Madagascar,10.18
4.1,2008,Madagascar,10.3
0.0,2014,Madagascar,9.79
4.7,2016,Madagascar,9.47
0.0,2009,Madagascar,10.21
4.8,2020,Madagascar,0.0
5.3,2013,Madagascar,9.79
4.1,2005,Madagascar,10.68
4.8,2015,Madagascar,9.53
4.4,2006,Madagascar,10.61
0.0,2003,Madagascar,10.98
0.0,2004,Madagascar,10.95
4.5,2012,Malawi,13.7
0.0,2014,Malawi,12.77
4.7,2015,Malawi,12.59
5.0,2003,Malawi,15.67
4.2,2010,Malawi,16.03
3.8,2000,Malawi,19.22
4.3,2011,Malawi,14.59
0.0,2001,Malawi,17.92
4.7,2004,Malawi,15.04
4.7,2018,Malawi,11.04
4.0,2005,Malawi,14.32
4.0,2022,Malawi,0.0
0.0,2013,Malawi,13.04
4.2,2017,Malawi,11.67
4.4,2021,Malawi,0.0
0.0,2002,Malawi,16.54
3.8,2006,Malawi,14.83
4.8,2007,Malawi,15.37
0.0,2008,Malawi,15.23
6.0,2009,Malawi,15.87
4.2,2020,Malawi,0.0
4.2,2019,Malawi,10.58
4.4,2016,Malawi,12.25
4.2,2010,Malaysia,5.3
3.8,2008,Malaysia,5.43
4.1,2016,Malaysia,5.37
4.6,2014,Malaysia,5.1
4.2,2022,Malaysia,0.0
4.6,2012,Malaysia,5.17
4.6,2017,Malaysia,5.57
5.1,2002,Malaysia,5.77
4.9,2020,Malaysia,0.0
5.2,2004,Malaysia,5.81
5.2,2018,Malaysia,5.58
0.0,2011,Malaysia,5.24
0.0,2013,Malaysia,4.9
4.7,2001,Malaysia,5.83
4.5,2009,Malaysia,5.47
0.0,2000,Malaysia,6.1
4.5,2006,Malaysia,5.47
4.5,2019,Malaysia,5.77
4.9,2003,Malaysia,5.91
4.5,2005,Malaysia,5.65
4.6,2015,Malaysia,5.22
5.3,2007,Malaysia,5.33
0.0,2014,Maldives,2.88
0.0,2009,Maldives,3.29
4.9,2016,Maldives,3.15
0.0,2008,Maldives,3.49
0.0,2000,Maldives,5.3
0.0,2015,Maldives,2.95
0.0,2013,Maldives,2.8
0.0,2003,Maldives,4.55
0.0,2005,Maldives,3.83
4.5,2018,Maldives,2.92
0.0,2019,Maldives,2.76
4.5,2011,Maldives,2.88
4.5,2020,Maldives,0.0
0.0,2006,Maldives,3.77
0.0,2010,Maldives,3.05
0.0,2017,Maldives,3.11
4.8,2001,Maldives,5.08
0.0,2002,Maldives,4.69
0.0,2007,Maldives,3.57
0.0,2012,Maldives,2.88
0.0,2004,Maldives,3.83
0.0,2005,Malta,4.37
0.0,2004,Malta,4.85
4.1,2016,Malta,5.12
0.0,2019,Malta,5.32
4.1,2011,Malta,5.73
0.0,2018,Malta,5.28
0.0,2014,Malta,6.33
0.0,2000,Malta,6.01
0.0,2009,Malta,6.12
0.0,2006,Malta,5.83
0.0,2008,Malta,5.55
0.0,2017,Malta,4.83
4.1,2003,Malta,4.48
4.2,2007,Malta,4.58
0.0,2002,Malta,4.89
4.4,2020,Malta,0.0
3.7,2001,Malta,6.49
0.0,2015,Malta,6.55
4.4,2022,Malta,0.0
0.0,2012,Malta,5.1
0.0,2013,Malta,5.9
0.0,2010,Malta,6.63
4.0,2007,Mauritania,5.71
4.0,2001,Mauritania,6.25
4.1,2006,Mauritania,5.75
4.5,2013,Mauritania,5.43
0.0,2009,Mauritania,5.56
0.0,2003,Mauritania,5.93
4.1,2015,Mauritania,5.33
4.0,2010,Mauritania,5.49
0.0,2018,Mauritania,5.42
4.4,2021,Mauritania,0.0
0.0,2011,Mauritania,5.34
0.0,2000,Mauritania,6.39
4.1,2014,Mauritania,5.4
0.0,2019,Mauritania,5.47
0.0,2004,Mauritania,6.01
4.4,2002,Mauritania,6.1
0.0,2005,Mauritania,5.73
3.7,2008,Mauritania,5.55
4.1,2012,Mauritania,5.53
0.0,2017,Mauritania,5.38
4.1,2016,Mauritania,5.36
4.5,2016,Mauritius,7.58
5.0,2010,Mauritius,7.37
4.8,2014,Mauritius,9.85
5.8,2009,Mauritius,8.6
5.0,2008,Mauritius,6.44
4.6,2005,Mauritius,8.65
4.2,2004,Mauritius,7.95
4.6,2017,Mauritius,9.59
4.8,2015,Mauritius,7.51
4.3,2012,Mauritius,9.23
4.7,2021,Mauritius,0.0
5.0,2001,Mauritius,9.84
4.2,2006,Mauritius,8.99
4.9,2019,Mauritius,8.75
4.5,2003,Mauritius,7.64
5.1,2011,Mauritius,8.56
5.0,2013,Mauritius,7.77
4.5,2000,Mauritius,11.47
4.5,2018,Mauritius,8.19
4.5,2007,Mauritius,9.96
4.6,2022,Mauritius,0.0
4.7,2002,Mauritius,10.97
4.5,2020,Mauritius,0.0
3.7,2014,Mexico,5.72
4.0,2002,Mexico,4.15
3.8,2004,Mexico,4.26
3.6,2003,Mexico,4.27
4.3,2009,Mexico,4.81
4.4,2021,Mexico,0.0
4.0,2013,Mexico,5.28
3.7,2008,Mexico,4.58
4.4,2000,Mexico,3.86
4.0,2018,Mexico,5.36
4.1,2010,Mexico,4.66
4.7,2022,Mexico,0.0
4.7,2019,Mexico,5.29
5.3,2012,Mexico,4.95
4.0,2020,Mexico,0.0
4.5,2015,Mexico,5.6
4.3,2017,Mexico,5.89
4.2,2016,Mexico,5.57
3.7,2006,Mexico,4.25
4.2,2011,Mexico,5.36
4.0,2001,Mexico,4.16
4.1,2007,Mexico,4.3
4.4,2005,Mexico,4.35
5.3,2006,Micronesia (Federated States of),27.37
4.6,2021,Micronesia (Federated States of),0.0
4.6,2013,Micronesia (Federated States of),27.4
5.8,2019,Micronesia (Federated States of),28.99
4.5,2009,Micronesia (Federated States of),27.02
4.7,2017,Micronesia (Federated States of),28.68
4.6,2015,Micronesia (Federated States of),28.37
4.6,2020,Micronesia (Federated States of),0.0
4.7,2001,Micronesia (Federated States of),27.26
4.9,2000,Micronesia (Federated States of),27.98
4.5,2018,Micronesia (Federated States of),29.07
4.2,2002,Micronesia (Federated States of),26.28
4.4,2014,Micronesia (Federated States of),27.41
4.7,2016,Micronesia (Federated States of),28.18
4.7,2012,Micronesia (Federated States of),27.58
4.5,2004,Micronesia (Federated States of),27.11
4.5,2003,Micronesia (Federated States of),26.3
4.5,2011,Micronesia (Federated States of),27.52
4.6,2022,Micronesia (Federated States of),0.0
4.6,2005,Micronesia (Federated States of),27.65
4.3,2007,Micronesia (Federated States of),27.0
4.9,2008,Micronesia (Federated States of),27.0
4.1,2010,Micronesia (Federated States of),26.99
4.0,2013,Mongolia,20.43
4.3,2010,Mongolia,22.4
4.9,2019,Mongolia,18.02
4.7,2021,Mongolia,0.0
4.5,2018,Mongolia,18.67
4.5,2000,Mongolia,23.63
4.1,2004,Mongolia,23.92
4.7,2012,Mongolia,20.99
4.5,2022,Mongolia,0.0
4.5,2016,Mongolia,19.82
4.9,2014,Mongolia,19.6
4.6,2003,Mongolia,23.84
5.1,2002,Mongolia,22.89
4.3,2005,Mongolia,23.91
4.2,2001,Mongolia,23.71
4.4,2011,Mongolia,21.87
4.4,2020,Mongolia,0.0
4.5,2015,Mongolia,19.68
5.0,2009,Mongolia,22.69
4.7,2006,Mongolia,23.37
3.7,2008,Mongolia,22.9
4.0,2017,Mongolia,19.11
5.1,2007,Mongolia,23.0
3.7,2003,Montenegro,18.34
5.1,2009,Montenegro,17.23
3.7,2006,Montenegro,19.17
4.4,2021,Montenegro,0.0
4.0,2011,Montenegro,17.02
5.2,2005,Montenegro,18.72
4.3,2015,Montenegro,16.35
4.1,2010,Montenegro,16.52
4.5,2022,Montenegro,0.0
0.0,2019,Montenegro,16.22
3.7,2007,Montenegro,17.57
4.2,2018,Montenegro,16.45
3.7,2000,Montenegro,18.94
0.0,2017,Montenegro,16.27
4.0,2001,Montenegro,17.69
4.2,2008,Montenegro,17.32
5.0,2014,Montenegro,16.35
3.6,2004,Montenegro,18.45
4.4,2012,Montenegro,17.06
4.3,2002,Montenegro,17.81
4.6,2013,Montenegro,16.34
4.3,2016,Montenegro,16.08
4.3,2021,Morocco,0.0
4.6,2010,Morocco,9.53
4.4,2002,Morocco,10.38
4.3,2015,Morocco,7.63
3.8,2006,Morocco,9.87
4.1,2007,Morocco,9.86
4.6,2016,Morocco,7.41
3.8,2009,Morocco,9.66
3.6,2003,Morocco,10.34
4.2,2012,Morocco,9.15
3.6,2008,Morocco,9.76
4.2,2019,Morocco,7.29
3.7,2004,Morocco,10.21
4.8,2013,Morocco,8.24
4.3,2020,Morocco,0.0
4.1,2022,Morocco,0.0
3.8,2005,Morocco,10.05
4.1,2014,Morocco,7.9
4.3,2017,Morocco,7.27
4.6,2000,Morocco,10.85
4.2,2011,Morocco,9.49
3.8,2018,Morocco,7.3
4.6,2001,Morocco,10.75
4.2,2022,Mozambique,0.0
4.6,2015,Mozambique,23.97
4.6,2021,Mozambique,0.0
4.5,2018,Mozambique,23.19
4.5,2004,Mozambique,21.12
4.4,2013,Mozambique,26.01
4.4,2002,Mozambique,20.83
5.1,2011,Mozambique,25.86
4.0,2007,Mozambique,21.76
4.9,2020,Mozambique,0.0
5.6,2017,Mozambique,23.09
4.3,2010,Mozambique,25.31
4.3,2014,Mozambique,24.68
4.1,2005,Mozambique,21.43
4.3,2009,Mozambique,24.64
4.3,2012,Mozambique,26.54
4.3,2003,Mozambique,20.88
4.3,2001,Mozambique,20.79
3.9,2000,Mozambique,20.91
4.6,2016,Mozambique,23.4
4.5,2006,Mozambique,21.62
4.4,2019,Mozambique,23.19
4.5,2008,Mozambique,23.08
3.7,2000,Myanmar,5.14
4.0,2002,Myanmar,4.78
4.6,2013,Myanmar,3.46
4.3,2001,Myanmar,4.86
4.4,2016,Myanmar,3.33
5.0,2017,Myanmar,3.1
4.2,2015,Myanmar,3.34
4.6,2019,Myanmar,2.96
4.5,2003,Myanmar,4.67
4.3,2006,Myanmar,4.44
4.5,2020,Myanmar,0.0
4.2,2022,Myanmar,0.0
4.5,2009,Myanmar,3.88
4.5,2014,Myanmar,3.41
3.9,2007,Myanmar,4.23
4.7,2011,Myanmar,3.67
5.1,2005,Myanmar,4.49
4.7,2021,Myanmar,0.0
4.2,2012,Myanmar,3.54
3.8,2008,Myanmar,3.91
5.1,2004,Myanmar,4.63
5.0,2018,Myanmar,2.96
4.6,2010,Myanmar,3.75
0.0,2001,Namibia,26.74
4.7,2016,Namibia,14.92
0.0,2000,Namibia,27.49
0.0,2002,Namibia,26.29
4.4,2022,Namibia,0.0
0.0,2013,Namibia,14.38
0.0,2004,Namibia,23.38
0.0,2006,Namibia,24.52
0.0,2007,Namibia,23.74
4.6,2019,Namibia,13.51
0.0,2003,Namibia,25.46
4.8,2012,Namibia,14.5
0.0,2014,Namibia,15.32
5.1,2009,Namibia,18.42
0.0,2017,Namibia,15.22
0.0,2011,Namibia,16.14
0.0,2015,Namibia,16.29
4.8,2018,Namibia,13.74
4.1,2005,Namibia,24.69
4.1,2010,Namibia,17.99
4.2,2021,Namibia,0.0
3.8,2008,Namibia,19.66
4.0,2021,Nepal,0.0
3.8,2006,Nepal,9.74
4.0,2011,Nepal,10.73
4.0,2005,Nepal,9.98
4.4,2020,Nepal,0.0
4.6,2022,Nepal,0.0
4.2,2019,Nepal,9.77
4.9,2001,Nepal,10.39
5.0,2017,Nepal,9.63
5.4,2016,Nepal,9.68
4.5,2003,Nepal,9.95
4.2,2004,Nepal,9.83
4.1,2018,Nepal,9.69
4.8,2012,Nepal,10.59
4.0,2010,Nepal,10.52
4.0,2013,Nepal,10.26
4.2,2007,Nepal,9.97
4.8,2000,Nepal,10.87
4.1,2008,Nepal,10.21
4.9,2014,Nepal,9.93
4.3,2009,Nepal,10.46
4.1,2015,Nepal,9.83
4.2,2002,Nepal,10.14
4.2,2011,Netherlands,8.4
0.0,2013,Netherlands,9.47
0.0,2005,Netherlands,8.26
0.0,2019,Netherlands,9.27
0.0,2017,Netherlands,9.61
0.0,2007,Netherlands,7.06
0.0,2012,Netherlands,8.88
0.0,2009,Netherlands,7.78
3.7,2001,Netherlands,8.01
0.0,2015,Netherlands,9.31
0.0,2016,Netherlands,9.33
0.0,2004,Netherlands,8.13
3.8,2006,Netherlands,8.08
0.0,2010,Netherlands,8.06
0.0,2014,Netherlands,9.28
0.0,2008,Netherlands,7.44
0.0,2003,Netherlands,8.01
0.0,2000,Netherlands,8.09
0.0,2018,Netherlands,9.09
4.8,2002,Netherlands,8.39
4.6,2013,New Zealand,11.56
3.9,2008,New Zealand,11.9
4.3,2002,New Zealand,12.16
3.8,2004,New Zealand,12.17
4.1,2010,New Zealand,12.02
4.2,2011,New Zealand,10.99
4.3,2017,New Zealand,12.14
4.1,2007,New Zealand,11.72
4.5,2022,New Zealand,0.0
4.6,2021,New Zealand,0.0
5.2,2019,New Zealand,10.3
4.0,2001,New Zealand,13.52
4.2,2005,New Zealand,12.52
4.4,2016,New Zealand,11.52
4.4,2009,New Zealand,10.94
4.4,2020,New Zealand,0.0
4.7,2003,New Zealand,12.95
4.6,2015,New Zealand,11.13
4.3,2000,New Zealand,12.37
5.0,2018,New Zealand,10.66
4.4,2012,New Zealand,12.35
3.8,2006,New Zealand,12.63
4.1,2014,New Zealand,10.59
4.4,2013,Nicaragua,5.87
4.4,2012,Nicaragua,4.86
4.3,2016,Nicaragua,4.59
4.6,2020,Nicaragua,0.0
4.1,2000,Nicaragua,6.28
4.3,2022,Nicaragua,0.0
4.2,2001,Nicaragua,6.21
4.0,2003,Nicaragua,6.65
4.4,2017,Nicaragua,4.73
4.2,2002,Nicaragua,5.85
4.8,2009,Nicaragua,5.47
4.7,2015,Nicaragua,4.47
4.2,2014,Nicaragua,4.95
3.6,2004,Nicaragua,6.43
4.9,2007,Nicaragua,5.4
4.4,2018,Nicaragua,5.04
4.1,2008,Nicaragua,5.57
4.3,2005,Nicaragua,6.07
5.0,2010,Nicaragua,5.37
4.4,2021,Nicaragua,0.0
4.4,2011,Nicaragua,5.94
4.6,2006,Nicaragua,5.27
4.7,2019,Nicaragua,4.66
0.0,2016,Niger,10.22
0.0,2019,Niger,10.15
0.0,2011,Niger,10.44
0.0,2008,Niger,10.14
0.0,2005,Niger,10.12
0.0,2012,Niger,10.58
0.0,2010,Niger,10.39
0.0,2018,Niger,10.13
0.0,2003,Niger,10.02
0.0,2000,Niger,9.51
0.0,2002,Niger,9.72
0.0,2004,Niger,9.83
0.0,2014,Niger,10.65
0.0,2006,Niger,10.09
0.0,2013,Niger,10.66
0.0,2007,Niger,10.25
4.6,2017,Niger,10.15
0.0,2009,Niger,10.23
0.0,2015,Niger,10.39
0.0,2001,Niger,9.78
0.0,2013,Nigeria,8.01
0.0,2017,Nigeria,7.06
0.0,2006,Nigeria,9.16
0.0,2004,Nigeria,9.25
0.0,2011,Nigeria,8.65
0.0,2015,Nigeria,7.31
0.0,2018,Nigeria,6.95
0.0,2005,Nigeria,9.21
0.0,2019,Nigeria,6.87
0.0,2010,Nigeria,8.79
0.0,2001,Nigeria,9.34
0.0,2014,Nigeria,7.59
0.0,2009,Nigeria,8.97
0.0,2003,Nigeria,9.16
0.0,2002,Nigeria,9.21
4.5,2000,Nigeria,9.18
0.0,2016,Nigeria,7.22
0.0,2008,Nigeria,9.14
0.0,2007,Nigeria,9.22
0.0,2012,Nigeria,8.33
4.3,2018,Norway,10.13
4.7,2009,Norway,11.37
4.1,2005,Norway,11.44
4.7,2002,Norway,11.01
4.3,2022,Norway,0.0
4.4,2019,Norway,9.91
4.9,2021,Norway,0.0
5.4,2007,Norway,10.55
4.5,2006,Norway,11.65
4.1,2013,Norway,10.29
4.5,2015,Norway,10.59
4.3,2020,Norway,0.0
4.7,2012,Norway,9.94
4.1,2016,Norway,11.08
4.4,2001,Norway,13.17
4.2,2017,Norway,10.38
4.5,2010,Norway,10.89
4.4,2014,Norway,10.06
3.7,2003,Norway,10.96
4.9,2004,Norway,11.74
4.7,2011,Norway,11.85
4.1,2000,Norway,13.02
4.6,2008,Norway,10.63
0.0,2007,Oman,6.52
4.3,2014,Oman,4.68
0.0,2008,Oman,6.32
4.6,2021,Oman,0.0
4.2,2013,Oman,4.79
4.0,2020,Oman,0.0
5.0,2009,Oman,6.02
0.0,2012,Oman,4.85
5.4,2016,Oman,4.52
4.0,2006,Oman,6.45
4.0,2005,Oman,6.16
0.0,2001,Oman,6.65
4.7,2019,Oman,4.47
4.1,2003,Oman,6.43
4.2,2004,Oman,6.12
4.4,2000,Oman,6.71
4.6,2010,Oman,6.1
4.6,2002,Oman,6.29
4.3,2022,Oman,0.0
4.0,2015,Oman,4.7
4.1,2017,Oman,4.53
4.1,2018,Oman,4.37
0.0,2011,Oman,5.47
4.6,2018,Pakistan,9.79
4.2,2022,Pakistan,0.0
4.2,2002,Pakistan,11.26
4.1,2014,Pakistan,9.96
3.8,2006,Pakistan,11.0
4.6,2007,Pakistan,10.73
4.7,2005,Pakistan,10.97
5.3,2017,Pakistan,9.98
4.9,2008,Pakistan,10.54
5.0,2012,Pakistan,9.97
5.0,2020,Pakistan,0.0
4.1,2021,Pakistan,0.0
4.0,2013,Pakistan,9.98
4.5,2019,Pakistan,9.77
4.7,2015,Pakistan,9.96
5.0,2010,Pakistan,10.16
4.0,2009,Pakistan,10.3
3.9,2000,Pakistan,11.1
3.9,2003,Pakistan,11.28
4.3,2016,Pakistan,10.02
4.9,2011,Pakistan,10.02
4.5,2001,Pakistan,11.2
3.8,2004,Pakistan,11.21
4.3,2014,Panama,4.15
4.3,2000,Panama,5.9
4.8,2001,Panama,6.16
4.7,2018,Panama,2.92
4.4,2007,Panama,5.15
4.6,2019,Panama,2.86
6.1,2005,Panama,5.31
4.7,2009,Panama,5.06
4.5,2017,Panama,3.21
4.6,2004,Panama,6.07
4.2,2015,Panama,2.95
4.5,2016,Panama,3.35
4.6,2002,Panama,5.88
4.5,2020,Panama,0.0
4.7,2010,Panama,4.33
5.5,2006,Panama,5.97
4.2,2003,Panama,6.32
4.3,2012,Panama,3.75
3.8,2008,Panama,5.61
4.9,2013,Panama,3.54
4.9,2021,Panama,0.0
4.5,2022,Panama,0.0
4.8,2011,Panama,3.95
4.3,2002,Papua New Guinea,2.98
4.7,2005,Papua New Guinea,3.19
4.5,2003,Papua New Guinea,3.11
4.1,2022,Papua New Guinea,0.0
5.6,2004,Papua New Guinea,3.17
4.6,2001,Papua New Guinea,3.03
4.2,2006,Papua New Guinea,3.19
4.1,2000,Papua New Guinea,2.83
4.7,2013,Papua New Guinea,3.43
4.5,2020,Papua New Guinea,0.0
3.9,2007,Papua New Guinea,3.33
4.1,2014,Papua New Guinea,3.62
4.6,2010,Papua New Guinea,3.29
4.2,2012,Papua New Guinea,3.45
4.3,2015,Papua New Guinea,3.65
4.6,2008,Papua New Guinea,3.28
4.4,2019,Papua New Guinea,3.57
4.9,2011,Papua New Guinea,3.29
4.9,2018,Papua New Guinea,3.51
5.7,2017,Papua New Guinea,3.5
5.0,2016,Papua New Guinea,3.64
4.5,2021,Papua New Guinea,0.0
4.6,2009,Papua New Guinea,3.15
5.0,2011,Peru,3.45
5.2,2022,Peru,0.0
4.6,2013,Peru,3.19
4.0,2020,Peru,0.0
4.5,2003,Peru,3.24
6.0,2001,Peru,3.18
5.3,2004,Peru,3.06
4.7,2008,Peru,2.89
4.1,2010,Peru,3.63
4.5,2005,Peru,2.96
3.7,2007,Peru,2.82
4.6,2019,Peru,2.73
4.2,2002,Peru,3.17
4.3,2015,Peru,2.77
4.4,2018,Peru,2.74
5.6,2009,Peru,3.44
4.0,2014,Peru,2.98
4.2,2016,Peru,2.66
4.4,2017,Peru,2.74
4.6,2021,Peru,0.0
4.3,2006,Peru,2.89
3.7,2000,Peru,3.43
5.2,2012,Peru,3.32
4.4,2000,Philippines,2.26
4.8,2014,Philippines,2.69
4.5,2015,Philippines,2.71
4.6,2022,Philippines,0.0
4.7,2011,Philippines,3.37
5.0,2013,Philippines,2.88
4.4,2002,Philippines,2.11
4.3,2003,Philippines,2.27
4.9,2012,Philippines,2.85
4.2,2019,Philippines,2.54
4.7,2004,Philippines,2.2
5.1,2008,Philippines,2.36
4.2,2021,Philippines,0.0
4.1,2016,Philippines,2.67
4.9,2009,Philippines,2.78
4.4,2018,Philippines,2.58
4.4,2006,Philippines,2.45
4.3,2007,Philippines,2.19
5.0,2010,Philippines,2.89
4.8,2017,Philippines,2.63
4.7,2001,Philippines,1.87
4.6,2020,Philippines,0.0
4.3,2005,Philippines,2.36
3.7,2008,Poland,14.41
4.7,2013,Poland,15.06
4.5,2016,Poland,11.37
3.8,2007,Poland,13.27
3.9,2018,Poland,10.4
4.6,2009,Poland,16.11
4.5,2014,Poland,14.5
3.6,2004,Poland,15.25
4.6,2001,Poland,15.29
4.3,2020,Poland,0.0
4.1,2019,Poland,9.3
4.1,2011,Poland,14.98
3.8,2003,Poland,14.91
4.2,2022,Poland,0.0
3.8,2000,Poland,15.31
3.6,2005,Poland,15.22
4.2,2002,Poland,15.24
3.9,2017,Poland,11.06
4.0,2006,Poland,14.49
4.3,2012,Poland,15.29
4.1,2015,Poland,13.15
5.0,2010,Poland,15.51
4.0,2021,Poland,0.0
4.3,2006,Portugal,7.93
3.9,2007,Portugal,8.33
5.6,2009,Portugal,8.65
4.7,2015,Portugal,8.31
5.2,2002,Portugal,9.32
4.7,2001,Portugal,6.54
4.2,2013,Portugal,7.98
4.8,2022,Portugal,0.0
4.6,2020,Portugal,0.0
5.0,2010,Portugal,8.83
4.6,2021,Portugal,0.0
4.6,2012,Portugal,8.48
5.6,2003,Portugal,8.7
3.9,2014,Portugal,9.23
4.0,2005,Portugal,7.91
3.8,2000,Portugal,5.45
4.0,2011,Portugal,7.94
4.2,2008,Portugal,8.6
5.2,2016,Portugal,7.38
4.7,2019,Portugal,7.22
4.1,2004,Portugal,7.45
4.9,2018,Portugal,7.5
3.6,2017,Portugal,7.86
0.0,2014,Republic of Korea,22.42
4.6,2016,Republic of Korea,20.49
0.0,2001,Republic of Korea,14.78
0.0,2010,Republic of Korea,27.98
4.8,2003,Republic of Korea,22.27
0.0,2006,Republic of Korea,20.78
0.0,2009,Republic of Korea,28.78
4.6,2021,Republic of Korea,0.0
4.9,2011,Republic of Korea,27.89
4.4,2019,Republic of Korea,21.16
4.4,2015,Republic of Korea,21.2
4.7,2017,Republic of Korea,19.31
5.3,2004,Republic of Korea,23.08
4.7,2018,Republic of Korea,21.27
4.8,2013,Republic of Korea,23.84
4.5,2005,Republic of Korea,23.97
0.0,2012,Republic of Korea,24.01
4.7,2007,Republic of Korea,23.24
0.0,2002,Republic of Korea,17.81
3.8,2000,Republic of Korea,13.9
3.8,2008,Republic of Korea,24.38
3.9,2005,Romania,10.2
4.3,2015,Romania,9.06
3.7,2007,Romania,9.44
4.5,2002,Romania,12.32
4.4,2022,Romania,0.0
4.0,2014,Romania,8.97
4.4,2019,Romania,7.33
4.5,2009,Romania,10.04
4.5,2010,Romania,10.71
4.0,2006,Romania,10.63
4.3,2008,Romania,9.53
3.7,2003,Romania,11.57
4.7,2012,Romania,10.34
4.4,2020,Romania,0.0
4.2,2017,Romania,7.83
4.4,2021,Romania,0.0
4.0,2000,Romania,11.33
5.5,2018,Romania,7.71
4.4,2001,Romania,10.76
5.6,2016,Romania,7.76
3.8,2004,Romania,10.77
4.7,2011,Romania,9.86
4.3,2013,Romania,9.86
4.7,2009,Russian Federation,33.32
5.1,2012,Russian Federation,29.83
4.2,2014,Russian Federation,29.37
3.7,2001,Russian Federation,47.09
5.0,2006,Russian Federation,39.07
5.0,2010,Russian Federation,33.01
4.8,2000,Russian Federation,48.89
4.2,2015,Russian Federation,27.87
5.4,2003,Russian Federation,45.35
4.2,2005,Russian Federation,43.56
4.5,2017,Russian Federation,24.41
4.4,2007,Russian Federation,36.26
4.1,2008,Russian Federation,35.38
3.9,2002,Russian Federation,46.11
4.7,2013,Russian Federation,29.13
4.9,2020,Russian Federation,0.0
4.1,2022,Russian Federation,0.0
4.2,2021,Russian Federation,0.0
4.9,2016,Russian Federation,26.89
4.5,2018,Russian Federation,23.4
4.7,2011,Russian Federation,31.1
4.1,2019,Russian Federation,21.6
4.2,2004,Russian Federation,43.92
4.3,2003,Rwanda,18.36
0.0,2000,Rwanda,25.56
0.0,2013,Rwanda,10.13
4.7,2002,Rwanda,20.73
4.7,2016,Rwanda,9.73
4.6,2017,Rwanda,9.62
0.0,2019,Rwanda,9.45
0.0,2014,Rwanda,10.07
0.0,2011,Rwanda,10.93
3.8,2008,Rwanda,12.94
0.0,2012,Rwanda,10.56
5.5,2015,Rwanda,9.89
0.0,2018,Rwanda,9.52
0.0,2010,Rwanda,11.5
4.0,2009,Rwanda,12.06
0.0,2007,Rwanda,13.67
4.2,2006,Rwanda,14.31
0.0,2001,Rwanda,22.95
4.5,2021,Rwanda,0.0
4.5,2005,Rwanda,14.97
0.0,2004,Rwanda,16.2
0.0,2017,Saint Lucia,7.06
3.7,2000,Saint Lucia,8.08
3.7,2006,Saint Lucia,7.68
5.0,2014,Saint Lucia,8.23
4.6,2015,Saint Lucia,7.89
0.0,2005,Saint Lucia,7.41
0.0,2009,Saint Lucia,7.02
4.5,2004,Saint Lucia,7.26
0.0,2016,Saint Lucia,6.65
5.2,2011,Saint Lucia,6.89
4.0,2012,Saint Lucia,8.21
4.6,2007,Saint Lucia,7.15
3.9,2019,Saint Lucia,6.85
0.0,2002,Saint Lucia,7.4
3.6,2003,Saint Lucia,7.7
3.6,2008,Saint Lucia,7.89
0.0,2013,Saint Lucia,7.69
4.4,2022,Saint Lucia,0.0
0.0,2001,Saint Lucia,8.08
4.0,2010,Saint Lucia,7.63
0.0,2018,Saint Lucia,7.06
4.4,2004,Saint Vincent and the Grenadines,5.76
0.0,2018,Saint Vincent and the Grenadines,1.03
4.1,2013,Saint Vincent and the Grenadines,3.74
0.0,2009,Saint Vincent and the Grenadines,2.69
0.0,2011,Saint Vincent and the Grenadines,5.4
4.4,2019,Saint Vincent and the Grenadines,1.01
0.0,2016,Saint Vincent and the Grenadines,0.67
0.0,2000,Saint Vincent and the Grenadines,6.45
0.0,2003,Saint Vincent and the Grenadines,6.42
3.6,2005,Saint Vincent and the Grenadines,9.76
3.7,2008,Saint Vincent and the Grenadines,4.33
4.3,2017,Saint Vincent and the Grenadines,0.0
4.0,2012,Saint Vincent and the Grenadines,5.31
0.0,2015,Saint Vincent and the Grenadines,3.31
0.0,2002,Saint Vincent and the Grenadines,7.07
3.8,2007,Saint Vincent and the Grenadines,8.25
4.2,2014,Saint Vincent and the Grenadines,1.37
0.0,2010,Saint Vincent and the Grenadines,2.88
0.0,2006,Saint Vincent and the Grenadines,6.16
4.6,2001,Saint Vincent and the Grenadines,5.92
4.5,2013,Samoa,14.12
5.5,2022,Samoa,0.0
4.2,2004,Samoa,15.14
4.7,2016,Samoa,15.03
4.7,2009,Samoa,13.01
5.9,2010,Samoa,14.83
5.7,2003,Samoa,15.59
4.4,2019,Samoa,14.6
4.3,2015,Samoa,14.94
4.7,2014,Samoa,14.92
4.9,2017,Samoa,14.75
4.4,2021,Samoa,0.0
4.2,2011,Samoa,14.79
4.3,2018,Samoa,14.8
4.9,2001,Samoa,16.17
3.9,2000,Samoa,16.26
4.8,2002,Samoa,15.8
6.2,2007,Samoa,15.1
4.8,2012,Samoa,14.75
4.9,2020,Samoa,0.0
4.0,2006,Samoa,15.25
5.3,2005,Samoa,15.26
3.7,2008,Samoa,14.94
0.0,2007,Sao Tome and Principe,2.42
0.0,2008,Sao Tome and Principe,2.37
0.0,2017,Sao Tome and Principe,2.19
0.0,2009,Sao Tome and Principe,2.25
0.0,2015,Sao Tome and Principe,2.18
5.5,2019,Sao Tome and Principe,2.2
0.0,2016,Sao Tome and Principe,2.16
0.0,2003,Sao Tome and Principe,1.99
0.0,2000,Sao Tome and Principe,2.24
0.0,2010,Sao Tome and Principe,2.18
0.0,2005,Sao Tome and Principe,2.12
0.0,2011,Sao Tome and Principe,2.11
0.0,2004,Sao Tome and Principe,2.16
0.0,2013,Sao Tome and Principe,2.19
0.0,2012,Sao Tome and Principe,2.24
0.0,2001,Sao Tome and Principe,2.37
0.0,2002,Sao Tome and Principe,2.4
0.0,2018,Sao Tome and Principe,2.17
0.0,2014,Sao Tome and Principe,2.24
0.0,2006,Sao Tome and Principe,2.23
4.4,2017,Saudi Arabia,5.74
4.5,2013,Saudi Arabia,6.31
4.2,2018,Saudi Arabia,5.57
4.1,2020,Saudi Arabia,0.0
3.7,2006,Saudi Arabia,4.33
4.5,2014,Saudi Arabia,6.3
3.9,2008,Saudi Arabia,4.88
4.3,2022,Saudi Arabia,0.0
4.3,2012,Saudi Arabia,6.41
4.3,2002,Saudi Arabia,3.93
0.0,2005,Saudi Arabia,4.11
4.6,2011,Saudi Arabia,6.2
0.0,2003,Saudi Arabia,4.02
4.0,2019,Saudi Arabia,5.43
5.3,2001,Saudi Arabia,3.86
0.0,2000,Saudi Arabia,3.84
4.0,2007,Saudi Arabia,4.61
4.8,2004,Saudi Arabia,3.91
4.1,2016,Saudi Arabia,5.9
4.6,2010,Saudi Arabia,5.66
4.7,2015,Saudi Arabia,5.95
4.7,2009,Saudi Arabia,5.23
0.0,2007,Senegal,12.53
0.0,2003,Senegal,13.61
0.0,2012,Senegal,12.2
0.0,2018,Senegal,11.16
0.0,2016,Senegal,11.53
0.0,2009,Senegal,12.39
0.0,2006,Senegal,13.03
0.0,2015,Senegal,11.81
0.0,2019,Senegal,10.99
4.5,2011,Senegal,12.12
0.0,2010,Senegal,12.37
0.0,2000,Senegal,14.44
0.0,2005,Senegal,13.26
0.0,2004,Senegal,13.44
0.0,2014,Senegal,11.97
0.0,2008,Senegal,12.66
0.0,2013,Senegal,12.12
0.0,2017,Senegal,11.37
0.0,2001,Senegal,13.93
0.0,2002,Senegal,13.73
4.0,2000,Serbia,18.91
4.1,2002,Serbia,17.85
4.1,2018,Serbia,7.86
4.5,2007,Serbia,14.43
0.0,2012,Serbia,13.28
0.0,2019,Serbia,7.86
4.1,2003,Serbia,17.05
4.0,2005,Serbia,15.64
3.7,2006,Serbia,15.0
0.0,2013,Serbia,13.03
3.6,2004,Serbia,16.69
4.4,2015,Serbia,11.69
4.2,2016,Serbia,10.58
4.4,2011,Serbia,13.17
0.0,2017,Serbia,0.33
4.3,2010,Serbia,12.42
0.0,2009,Serbia,14.8
4.0,2008,Serbia,13.99
4.3,2014,Serbia,12.02
3.7,2001,Serbia,17.77
3.9,2021,Serbia,0.0
0.0,2015,Sierra Leone,10.53
0.0,2007,Sierra Leone,11.67
0.0,2006,Sierra Leone,11.67
0.0,2002,Sierra Leone,10.74
0.0,2011,Sierra Leone,11.74
4.4,2001,Sierra Leone,10.46
0.0,2019,Sierra Leone,11.25
0.0,2013,Sierra Leone,11.35
0.0,2010,Sierra Leone,12.16
0.0,2004,Sierra Leone,10.96
0.0,2003,Sierra Leone,11.0
0.0,2005,Sierra Leone,10.93
0.0,2012,Sierra Leone,11.84
0.0,2000,Sierra Leone,10.13
0.0,2018,Sierra Leone,11.2
0.0,2009,Sierra Leone,11.93
0.0,2017,Sierra Leone,10.94
0.0,2016,Sierra Leone,10.83
0.0,2008,Sierra Leone,11.83
0.0,2014,Sierra Leone,10.95
4.3,2003,Slovakia,13.01
0.0,2014,Slovakia,10.02
0.0,2016,Slovakia,9.66
0.0,2012,Slovakia,10.21
0.0,2001,Slovakia,12.34
0.0,2015,Slovakia,9.8
0.0,2005,Slovakia,11.56
0.0,2011,Slovakia,10.41
0.0,2013,Slovakia,9.92
0.0,2002,Slovakia,12.74
0.0,2010,Slovakia,11.14
0.0,2018,Slovakia,9.43
0.0,2004,Slovakia,11.86
3.6,2006,Slovakia,12.23
0.0,2008,Slovakia,10.5
0.0,2017,Slovakia,9.55
0.0,2000,Slovakia,12.63
0.0,2019,Slovakia,9.31
0.0,2007,Slovakia,11.73
0.0,2009,Slovakia,10.54
4.3,2015,Slovenia,14.75
4.3,2012,Slovenia,15.9
0.0,2007,Slovenia,17.02
0.0,2018,Slovenia,12.79
4.1,2004,Slovenia,22.29
3.7,2002,Slovenia,22.94
0.0,2019,Slovenia,13.97
3.7,2014,Slovenia,14.36
0.0,2006,Slovenia,20.97
0.0,2009,Slovenia,16.78
3.9,2008,Slovenia,15.63
0.0,2017,Slovenia,14.29
4.0,2003,Slovenia,23.11
0.0,2010,Slovenia,15.56
0.0,2001,Slovenia,24.62
0.0,2016,Slovenia,14.29
4.0,2013,Slovenia,16.16
4.0,2020,Slovenia,0.0
0.0,2011,Slovenia,15.46
4.4,2005,Slovenia,20.64
3.7,2000,Slovenia,25.64
4.6,2021,Solomon Islands,0.0
4.5,2016,Solomon Islands,17.83
4.3,2019,Solomon Islands,17.37
4.9,2022,Solomon Islands,0.0
5.1,2001,Solomon Islands,17.05
4.8,2011,Solomon Islands,18.54
4.6,2005,Solomon Islands,16.79
4.5,2002,Solomon Islands,17.21
4.9,2015,Solomon Islands,17.94
5.1,2017,Solomon Islands,17.81
3.8,2007,Solomon Islands,18.06
4.6,2004,Solomon Islands,16.46
5.4,2003,Solomon Islands,17.58
3.9,2008,Solomon Islands,18.73
4.1,2014,Solomon Islands,18.1
4.3,1999,Solomon Islands,0.0
4.7,2020,Solomon Islands,0.0
4.5,2006,Solomon Islands,16.8
4.0,2000,Solomon Islands,17.37
4.5,2018,Solomon Islands,17.74
4.8,2012,Solomon Islands,18.39
4.6,2009,Solomon Islands,18.7
4.8,2013,Solomon Islands,18.19
4.8,2010,Solomon Islands,18.6
4.3,2013,Somalia,15.2
4.5,2012,Somalia,15.28
3.9,2008,Somalia,16.01
4.4,2003,Somalia,16.64
4.9,2017,Somalia,14.87
4.6,2001,Somalia,16.52
4.3,2022,Somalia,0.0
4.2,2005,Somalia,16.61
4.1,2010,Somalia,15.38
4.5,2019,Somalia,14.66
4.8,2002,Somalia,16.57
4.5,2018,Somalia,14.81
4.7,2015,Somalia,15.03
4.5,2020,Somalia,0.0
4.7,2004,Somalia,16.83
4.0,2006,Somalia,16.16
4.3,2011,Somalia,15.32
4.6,2014,Somalia,15.16
4.7,2000,Somalia,16.78
4.1,2007,Somalia,15.85
4.5,2009,Somalia,15.95
4.1,2021,Somalia,0.0
4.3,2016,Somalia,14.83
4.8,2003,South Africa,28.67
4.5,2010,South Africa,26.92
4.5,2008,South Africa,29.43
4.7,2012,South Africa,24.63
4.4,2015,South Africa,25.55
4.9,2011,South Africa,24.43
4.2,2009,South Africa,29.24
4.1,2001,South Africa,26.92
4.8,2013,South Africa,25.12
4.5,2014,South Africa,25.28
4.1,2000,South Africa,26.56
4.4,2002,South Africa,28.02
4.4,2016,South Africa,25.31
4.8,2020,South Africa,0.0
4.6,2018,South Africa,24.39
4.2,2019,South Africa,23.49
4.8,2005,South Africa,27.46
4.3,2007,South Africa,27.42
4.9,2004,South Africa,27.91
4.4,2017,South Africa,25.84
4.1,2021,South Africa,0.0
4.3,2022,South Africa,0.0
4.6,2006,South Africa,26.54
0.0,2018,South Sudan,6.65
0.0,2016,South Sudan,6.48
4.4,2014,South Sudan,6.22
4.6,2004,South Sudan,7.23
4.4,2010,South Sudan,6.64
4.5,2022,South Sudan,0.0
4.4,2021,South Sudan,0.0
0.0,2001,South Sudan,7.44
0.0,2011,South Sudan,6.61
0.0,2015,South Sudan,6.41
0.0,2012,South Sudan,6.71
4.6,2003,South Sudan,7.26
0.0,2019,South Sudan,6.69
4.4,2006,South Sudan,7.08
0.0,2000,South Sudan,7.89
3.9,2007,South Sudan,7.0
0.0,2009,South Sudan,6.71
0.0,2008,South Sudan,6.86
0.0,2002,South Sudan,7.26
4.5,2020,South Sudan,0.0
0.0,2017,South Sudan,6.41
0.0,2005,South Sudan,7.1
0.0,2013,South Sudan,6.47
3.9,2017,Spain,5.77
4.3,2012,Spain,5.63
4.6,2014,Spain,6.21
4.0,2022,Spain,0.0
3.7,2011,Spain,5.1
4.2,2008,Spain,5.78
3.8,2005,Spain,5.97
4.4,2009,Spain,5.62
4.0,2006,Spain,5.57
4.3,2000,Spain,6.56
4.1,2015,Spain,5.64
4.3,2002,Spain,6.31
4.1,2004,Spain,6.42
5.4,2013,Spain,6.16
4.4,2019,Spain,5.28
3.9,2020,Spain,0.0
4.5,2003,Spain,6.42
4.0,2018,Spain,5.38
3.6,2007,Spain,5.4
4.6,2021,Spain,0.0
4.1,2010,Spain,5.05
3.9,2016,Spain,5.54
3.7,2001,Spain,6.09
0.0,2005,Sri Lanka,28.58
0.0,2004,Sri Lanka,22.08
0.0,2007,Sri Lanka,20.08
0.0,2010,Sri Lanka,21.87
0.0,2017,Sri Lanka,13.67
4.7,2011,Sri Lanka,17.85
0.0,2018,Sri Lanka,13.24
0.0,2012,Sri Lanka,16.4
0.0,2019,Sri Lanka,12.89
0.0,2003,Sri Lanka,21.2
4.5,2009,Sri Lanka,22.72
0.0,2000,Sri Lanka,27.43
0.0,2014,Sri Lanka,12.72
0.0,2008,Sri Lanka,17.47
0.0,2001,Sri Lanka,22.38
0.0,2016,Sri Lanka,14.17
0.0,2006,Sri Lanka,18.41
0.0,2015,Sri Lanka,14.7
0.0,2013,Sri Lanka,14.98
0.0,2002,Sri Lanka,21.46
0.0,2002,Sudan,5.45
4.2,2008,Sudan,5.19
4.1,2009,Sudan,5.22
4.5,2007,Sudan,5.23
4.6,2005,Sudan,5.39
4.4,2004,Sudan,5.29
4.5,2018,Sudan,4.81
4.1,2017,Sudan,4.8
3.8,2006,Sudan,5.3
4.1,2015,Sudan,4.89
4.5,2013,Sudan,5.11
0.0,2000,Sudan,5.56
4.1,2014,Sudan,4.99
4.9,2001,Sudan,5.44
4.1,2020,Sudan,0.0
4.4,2016,Sudan,4.84
4.6,2003,Sudan,5.35
4.4,2010,Sudan,5.15
4.5,2012,Sudan,5.09
4.3,2011,Sudan,5.28
4.3,2019,Sudan,4.76
4.9,2020,Sweden,0.0
3.7,2004,Sweden,11.94
0.0,2018,Sweden,12.69
4.1,2010,Sweden,12.01
0.0,2006,Sweden,12.08
4.2,2012,Sweden,12.25
0.0,2005,Sweden,12.69
0.0,2013,Sweden,13.04
0.0,2009,Sweden,13.09
4.2,2016,Sweden,12.15
0.0,2011,Sweden,12.0
0.0,2019,Sweden,12.37
0.0,2003,Sweden,11.68
4.0,2015,Sweden,13.02
0.0,2007,Sweden,11.9
0.0,2001,Sweden,12.76
0.0,2002,Sweden,12.62
0.0,2000,Sweden,12.21
0.0,2017,Sweden,12.5
4.3,2008,Sweden,12.36
4.6,2014,Sweden,12.28
3.6,2006,Switzerland,13.9
4.0,2003,Switzerland,13.84
3.6,2002,Switzerland,15.98
3.8,2022,Switzerland,0.0
0.0,2018,Switzerland,9.88
0.0,2010,Switzerland,10.54
3.6,2013,Switzerland,10.7
4.0,2020,Switzerland,0.0
3.7,2008,Switzerland,13.48
4.4,2005,Switzerland,14.06
4.1,2021,Switzerland,0.0
4.2,2004,Switzerland,13.65
0.0,2007,Switzerland,13.99
4.4,2016,Switzerland,9.76
4.1,2017,Switzerland,10.37
0.0,2015,Switzerland,10.5
0.0,2014,Switzerland,10.01
0.0,2011,Switzerland,10.51
4.2,2012,Switzerland,10.49
3.8,2000,Switzerland,15.89
3.9,2001,Switzerland,15.03
4.5,2009,Switzerland,12.1
0.0,2019,Switzerland,9.83
4.6,2005,Syrian Arab Republic,1.78
0.0,2019,Syrian Arab Republic,2.11
0.0,2011,Syrian Arab Republic,1.8
0.0,2009,Syrian Arab Republic,1.79
4.1,2014,Syrian Arab Republic,2.06
0.0,2001,Syrian Arab Republic,1.91
4.0,2007,Syrian Arab Republic,1.77
0.0,2015,Syrian Arab Republic,1.95
4.0,2004,Syrian Arab Republic,1.8
3.9,2002,Syrian Arab Republic,1.9
4.4,2008,Syrian Arab Republic,1.81
4.5,2006,Syrian Arab Republic,1.75
4.4,2016,Syrian Arab Republic,1.83
0.0,2000,Syrian Arab Republic,2.01
0.0,2018,Syrian Arab Republic,2.1
3.7,2003,Syrian Arab Republic,1.8
0.0,2012,Syrian Arab Republic,1.89
0.0,2013,Syrian Arab Republic,2.01
0.0,2010,Syrian Arab Republic,1.81
4.4,2020,Syrian Arab Republic,0.0
0.0,2017,Syrian Arab Republic,1.98
4.4,2021,Syrian Arab Republic,0.0
4.1,2014,Tajikistan,5.11
4.5,2019,Tajikistan,5.32
4.0,2010,Tajikistan,4.98
3.7,2005,Tajikistan,4.71
4.4,2009,Tajikistan,4.9
4.3,2007,Tajikistan,4.81
4.7,2011,Tajikistan,5.06
4.3,2020,Tajikistan,0.0
4.4,2015,Tajikistan,5.19
3.6,2002,Tajikistan,4.63
3.7,2006,Tajikistan,4.74
4.2,2013,Tajikistan,5.04
4.3,2022,Tajikistan,0.0
4.3,2001,Tajikistan,4.83
4.4,2017,Tajikistan,5.29
3.7,2021,Tajikistan,0.0
4.5,2018,Tajikistan,5.29
4.5,2012,Tajikistan,5.08
3.7,2000,Tajikistan,5.08
3.9,2003,Tajikistan,4.55
4.7,2016,Tajikistan,5.38
4.0,2004,Tajikistan,4.55
4.9,2008,Tajikistan,4.86
0.0,2003,Thailand,10.15
0.0,2017,Thailand,7.49
4.5,2014,Thailand,6.87
4.5,2016,Thailand,7.59
4.4,2015,Thailand,7.15
0.0,2011,Thailand,7.17
4.6,2006,Thailand,8.26
5.4,2000,Thailand,11.59
3.8,2004,Thailand,9.89
4.2,2022,Thailand,0.0
0.0,2009,Thailand,7.27
4.3,2018,Thailand,7.9
4.3,2002,Thailand,10.45
4.6,2021,Thailand,0.0
4.5,2005,Thailand,8.52
0.0,2010,Thailand,7.29
0.0,2007,Thailand,7.74
3.9,2012,Thailand,7.03
3.7,2008,Thailand,7.42
4.4,2001,Thailand,10.45
4.2,2013,Thailand,6.59
4.4,2019,Thailand,7.95
4.5,2002,Tonga,5.0
5.1,2010,Tonga,5.34
4.8,2018,Tonga,4.57
5.1,2011,Tonga,5.21
4.4,2009,Tonga,5.06
4.8,2022,Tonga,0.0
4.8,2017,Tonga,4.78
4.6,2006,Tonga,4.73
3.8,2008,Tonga,4.71
4.8,2016,Tonga,4.77
3.9,2007,Tonga,4.8
4.5,2014,Tonga,5.35
4.4,2020,Tonga,0.0
4.7,2003,Tonga,5.08
4.5,2021,Tonga,0.0
4.7,2012,Tonga,5.25
4.5,2004,Tonga,5.01
4.6,2000,Tonga,5.13
4.2,2019,Tonga,4.37
4.3,2013,Tonga,5.27
4.9,2015,Tonga,5.3
4.2,2001,Tonga,5.1
4.6,2005,Tonga,4.79
3.9,2017,Trinidad and Tobago,8.96
3.8,2006,Trinidad and Tobago,10.69
4.1,2007,Trinidad and Tobago,10.5
4.3,2001,Trinidad and Tobago,16.05
4.7,2016,Trinidad and Tobago,9.23
4.5,2014,Trinidad and Tobago,9.83
5.0,2010,Trinidad and Tobago,10.59
4.0,2011,Trinidad and Tobago,9.2
4.9,2008,Trinidad and Tobago,12.77
3.6,2000,Trinidad and Tobago,16.19
5.1,2022,Trinidad and Tobago,0.0
5.2,2009,Trinidad and Tobago,10.42
4.3,2005,Trinidad and Tobago,12.05
4.2,2002,Trinidad and Tobago,14.85
4.4,2019,Trinidad and Tobago,8.28
4.9,2021,Trinidad and Tobago,0.0
4.3,2015,Trinidad and Tobago,9.54
4.2,2012,Trinidad and Tobago,8.86
5.3,2003,Trinidad and Tobago,12.9
4.5,2020,Trinidad and Tobago,0.0
4.1,2013,Trinidad and Tobago,10.14
5.4,2004,Trinidad and Tobago,12.58
5.1,2018,Trinidad and Tobago,8.5
0.0,2012,Tunisia,3.24
0.0,2014,Tunisia,3.1
4.6,2008,Tunisia,3.47
4.4,2003,Tunisia,3.85
4.4,2013,Tunisia,3.17
4.6,2001,Tunisia,3.89
0.0,2004,Tunisia,3.78
4.2,2006,Tunisia,3.65
4.8,2010,Tunisia,3.37
4.6,2019,Tunisia,3.18
0.0,2015,Tunisia,3.03
3.6,2007,Tunisia,3.57
3.7,2005,Tunisia,3.69
5.1,2018,Tunisia,3.09
4.1,2022,Tunisia,0.0
0.0,2009,Tunisia,3.43
4.0,2016,Tunisia,2.98
5.2,2002,Tunisia,3.88
0.0,2011,Tunisia,3.29
0.0,2000,Tunisia,3.9
4.4,2017,Tunisia,3.01
4.0,2015,Turkmenistan,6.62
3.9,2001,Turkmenistan,14.69
4.3,2014,Turkmenistan,7.11
4.5,2016,Turkmenistan,6.59
4.4,2017,Turkmenistan,6.23
4.7,2021,Turkmenistan,0.0
4.5,2022,Turkmenistan,0.0
4.9,2000,Turkmenistan,13.85
3.9,2006,Turkmenistan,15.51
4.1,2003,Turkmenistan,15.31
3.6,2007,Turkmenistan,13.6
4.6,2019,Turkmenistan,6.07
4.2,2012,Turkmenistan,7.36
3.8,2002,Turkmenistan,15.16
4.9,2020,Turkmenistan,0.0
4.1,2018,Turkmenistan,6.09
3.7,2004,Turkmenistan,15.19
3.6,2005,Turkmenistan,15.81
4.0,2008,Turkmenistan,11.69
4.4,2009,Turkmenistan,9.6
4.2,2013,Turkmenistan,7.42
4.7,2011,Turkmenistan,7.82
4.4,2010,Turkmenistan,8.65
4.5,2013,Trkiye,2.27
4.1,2003,Trkiye,3.3
4.1,2014,Trkiye,2.3
4.0,2021,Trkiye,0.0
4.1,2022,Trkiye,0.0
3.6,2002,Trkiye,3.43
4.1,2005,Trkiye,2.96
4.3,2010,Trkiye,2.47
4.6,2000,Trkiye,4.21
3.7,2006,Trkiye,2.79
4.1,2020,Trkiye,0.0
4.4,2016,Trkiye,2.26
4.6,2017,Trkiye,2.26
4.2,2018,Trkiye,2.25
4.3,2011,Trkiye,2.28
4.5,2019,Trkiye,2.34
5.2,2008,Trkiye,2.47
4.3,2015,Trkiye,2.26
3.7,2004,Trkiye,3.16
5.3,2009,Trkiye,2.47
4.2,2012,Trkiye,2.24
3.7,2001,Trkiye,3.87
4.0,2007,Trkiye,2.6
3.8,2003,Uganda,20.38
4.2,2022,Uganda,0.0
4.9,2006,Uganda,20.15
4.0,2016,Uganda,11.06
4.1,2013,Uganda,12.38
4.4,2005,Uganda,20.84
4.4,2008,Uganda,16.07
5.0,2011,Uganda,14.47
0.0,2000,Uganda,21.65
4.5,2010,Uganda,14.64
4.5,2021,Uganda,0.0
4.2,2020,Uganda,0.0
4.7,2015,Uganda,11.04
4.8,2012,Uganda,13.23
5.9,2007,Uganda,17.68
4.0,2002,Uganda,20.48
4.4,2018,Uganda,10.25
4.8,2004,Uganda,20.52
4.9,2009,Uganda,15.48
5.3,2017,Uganda,10.34
4.5,2014,Uganda,11.4
5.3,2001,Uganda,21.06
4.4,2019,Uganda,10.45
0.0,2012,Ukraine,19.02
4.7,2011,Ukraine,18.95
0.0,2000,Ukraine,33.48
0.0,2018,Ukraine,17.99
3.9,2005,Ukraine,28.27
4.1,2014,Ukraine,20.39
4.5,2013,Ukraine,18.66
4.2,2001,Ukraine,31.21
3.8,2008,Ukraine,25.9
4.0,2015,Ukraine,17.87
4.8,2006,Ukraine,25.6
0.0,2002,Ukraine,30.55
4.2,2009,Ukraine,21.81
4.8,2016,Ukraine,17.56
4.5,2021,Ukraine,0.0
0.0,2010,Ukraine,20.17
0.0,2017,Ukraine,16.94
3.7,2007,Ukraine,26.37
0.0,2019,Ukraine,17.73
0.0,2004,Ukraine,28.37
3.8,2003,Ukraine,28.96
0.0,2004,United Arab Emirates,6.78
4.7,2007,United Arab Emirates,6.82
0.0,2017,United Arab Emirates,4.78
4.5,2012,United Arab Emirates,6.13
0.0,2018,United Arab Emirates,5.01
0.0,2000,United Arab Emirates,8.01
0.0,2010,United Arab Emirates,6.42
3.7,2001,United Arab Emirates,7.89
0.0,2005,United Arab Emirates,6.76
0.0,2016,United Arab Emirates,4.97
0.0,2014,United Arab Emirates,5.6
0.0,2006,United Arab Emirates,6.92
0.0,2019,United Arab Emirates,5.24
0.0,2015,United Arab Emirates,5.25
0.0,2013,United Arab Emirates,5.91
0.0,2011,United Arab Emirates,6.29
3.8,2009,United Arab Emirates,6.58
4.0,2008,United Arab Emirates,6.69
0.0,2003,United Arab Emirates,6.8
5.0,2002,United Arab Emirates,7.36
0.0,2010,United Kingdom of Great Britain and Northern Ireland,6.95
3.8,2013,United Kingdom of Great Britain and Northern Ireland,7.71
3.8,2002,United Kingdom of Great Britain and Northern Ireland,7.48
3.6,2006,United Kingdom of Great Britain and Northern Ireland,6.89
3.9,2008,United Kingdom of Great Britain and Northern Ireland,7.26
0.0,2012,United Kingdom of Great Britain and Northern Ireland,7.36
0.0,2003,United Kingdom of Great Britain and Northern Ireland,7.03
3.6,2005,United Kingdom of Great Britain and Northern Ireland,6.94
3.8,2017,United Kingdom of Great Britain and Northern Ireland,7.24
3.7,2004,United Kingdom of Great Britain and Northern Ireland,7.23
0.0,2016,United Kingdom of Great Britain and Northern Ireland,7.62
3.7,2009,United Kingdom of Great Britain and Northern Ireland,7.15
4.1,2018,United Kingdom of Great Britain and Northern Ireland,7.08
3.6,2022,United Kingdom of Great Britain and Northern Ireland,0.0
4.2,2001,United Kingdom of Great Britain and Northern Ireland,7.5
4.6,2019,United Kingdom of Great Britain and Northern Ireland,6.88
3.9,2011,United Kingdom of Great Britain and Northern Ireland,7.42
4.0,2000,United Kingdom of Great Britain and Northern Ireland,7.74
3.9,2020,United Kingdom of Great Britain and Northern Ireland,0.0
4.1,2014,United Kingdom of Great Britain and Northern Ireland,7.64
3.6,2007,United Kingdom of Great Britain and Northern Ireland,6.71
4.2,2015,United Kingdom of Great Britain and Northern Ireland,7.81
4.1,2011,United Republic of Tanzania,9.32
4.2,2000,United Republic of Tanzania,15.56
4.3,2006,United Republic of Tanzania,10.26
4.3,2013,United Republic of Tanzania,8.64
4.3,2020,United Republic of Tanzania,0.0
4.4,2021,United Republic of Tanzania,0.0
4.6,2012,United Republic of Tanzania,8.45
4.4,2014,United Republic of Tanzania,8.25
4.2,2018,United Republic of Tanzania,8.04
5.2,2002,United Republic of Tanzania,12.79
5.9,2016,United Republic of Tanzania,8.32
4.5,2022,United Republic of Tanzania,0.0
3.8,2005,United Republic of Tanzania,10.3
4.5,2001,United Republic of Tanzania,14.21
4.2,2019,United Republic of Tanzania,8.15
5.2,2008,United Republic of Tanzania,11.03
4.3,2015,United Republic of Tanzania,8.23
4.3,2010,United Republic of Tanzania,9.81
4.5,2009,United Republic of Tanzania,10.57
4.3,2007,United Republic of Tanzania,10.43
4.4,2017,United Republic of Tanzania,8.15
4.9,2004,United Republic of Tanzania,10.87
4.9,2003,United Republic of Tanzania,11.89
3.88,2014,United States of America,12.4
4.1,2008,United States of America,11.4
3.7,2022,United States of America,0.0
5.2,2006,United States of America,10.96
3.6,2003,United States of America,10.57
5.8,2004,United States of America,10.79
4.1,2002,United States of America,10.63
3.64,2009,United States of America,11.42
3.7,2015,United States of America,12.86
4.4,2007,United States of America,11.19
4.7,2005,United States of America,10.69
4.3,2021,United States of America,0.0
4.1,2001,United States of America,10.33
5.0,2010,United States of America,11.72
4.9,2016,United States of America,13.65
4.0,2017,United States of America,14.41
3.6,2012,United States of America,12.06
4.4,2000,United States of America,10.02
4.8,2011,United States of America,12.01
3.8,2018,United States of America,14.09
3.9,2020,United States of America,0.0
4.1,2019,United States of America,14.51
3.63,2013,United States of America,12.04
4.6,2007,Uzbekistan,9.25
3.9,2005,Uzbekistan,10.22
4.3,2010,Uzbekistan,8.3
4.4,2000,Uzbekistan,12.05
5.0,2002,Uzbekistan,11.3
4.2,2012,Uzbekistan,8.98
4.2,2006,Uzbekistan,9.59
4.5,2021,Uzbekistan,0.0
4.0,2009,Uzbekistan,8.22
4.8,2013,Uzbekistan,8.92
4.4,2011,Uzbekistan,8.57
4.1,2022,Uzbekistan,0.0
3.6,2008,Uzbekistan,8.9
4.5,2003,Uzbekistan,10.39
4.3,2001,Uzbekistan,11.73
4.8,2020,Uzbekistan,0.0
4.4,2019,Uzbekistan,8.28
4.6,2016,Uzbekistan,9.21
4.4,2014,Uzbekistan,9.03
4.4,2015,Uzbekistan,9.2
4.6,2018,Uzbekistan,8.73
5.1,2017,Uzbekistan,8.92
3.7,2004,Uzbekistan,9.81
4.9,2019,Vanuatu,20.96
4.1,2018,Vanuatu,21.09
4.4,2015,Vanuatu,21.18
4.7,2002,Vanuatu,22.85
5.0,2010,Vanuatu,22.15
4.4,2021,Vanuatu,0.0
4.4,2005,Vanuatu,21.42
6.2,2001,Vanuatu,22.78
3.9,2007,Vanuatu,21.96
4.0,2017,Vanuatu,21.09
4.4,2006,Vanuatu,22.18
5.5,2000,Vanuatu,23.22
5.0,2004,Vanuatu,21.94
4.6,2012,Vanuatu,21.94
4.1,2003,Vanuatu,22.47
4.5,2009,Vanuatu,22.48
4.5,2008,Vanuatu,21.7
4.4,2014,Vanuatu,21.14
4.5,2013,Vanuatu,21.76
4.4,2016,Vanuatu,21.0
4.4,2020,Vanuatu,0.0
4.4,2011,Vanuatu,21.76
4.6,2022,Vanuatu,0.0
5.1,2021,Venezuela (Bolivarian Republic of),0.0
4.2,2017,Venezuela (Bolivarian Republic of),2.24
4.0,2012,Venezuela (Bolivarian Republic of),3.41
3.7,2006,Venezuela (Bolivarian Republic of),4.29
4.1,2008,Venezuela (Bolivarian Republic of),3.74
4.9,2018,Venezuela (Bolivarian Republic of),2.21
4.4,2004,Venezuela (Bolivarian Republic of),5.06
4.7,2003,Venezuela (Bolivarian Republic of),5.6
4.0,2011,Venezuela (Bolivarian Republic of),3.81
4.6,2016,Venezuela (Bolivarian Republic of),2.29
4.4,2015,Venezuela (Bolivarian Republic of),2.37
4.0,2009,Venezuela (Bolivarian Republic of),3.4
4.5,2002,Venezuela (Bolivarian Republic of),6.18
4.8,2001,Venezuela (Bolivarian Republic of),6.52
3.6,2005,Venezuela (Bolivarian Republic of),4.77
4.4,2019,Venezuela (Bolivarian Republic of),2.1
4.1,2014,Venezuela (Bolivarian Republic of),2.26
3.8,2000,Venezuela (Bolivarian Republic of),6.35
4.1,2010,Venezuela (Bolivarian Republic of),3.6
4.7,2020,Venezuela (Bolivarian Republic of),0.0
3.7,2007,Venezuela (Bolivarian Republic of),4.04
4.7,2022,Venezuela (Bolivarian Republic of),0.0
4.8,2013,Venezuela (Bolivarian Republic of),2.61
4.2,2022,Viet Nam,0.0
0.0,2008,Viet Nam,7.35
0.0,2015,Viet Nam,7.61
4.2,2017,Viet Nam,7.5
4.6,2014,Viet Nam,7.64
4.9,2020,Viet Nam,0.0
4.3,2001,Viet Nam,7.09
4.4,2021,Viet Nam,0.0
5.0,2019,Viet Nam,7.22
4.8,2010,Viet Nam,7.3
4.3,2006,Viet Nam,7.04
0.0,2002,Viet Nam,6.98
0.0,2013,Viet Nam,7.53
0.0,2000,Viet Nam,7.17
0.0,2004,Viet Nam,7.01
5.2,2007,Viet Nam,7.21
4.1,2011,Viet Nam,7.39
4.3,2018,Viet Nam,7.37
4.5,2016,Viet Nam,7.58
0.0,2009,Viet Nam,7.31
4.2,2012,Viet Nam,7.52
5.3,2005,Viet Nam,6.94
4.7,2003,Viet Nam,6.95
4.2,2005,Yemen,7.97
4.7,2013,Yemen,7.11
4.4,2003,Yemen,8.09
4.4,2017,Yemen,6.86
4.4,2000,Yemen,8.51
4.3,2022,Yemen,0.0
4.6,2010,Yemen,7.35
4.9,2008,Yemen,7.81
5.4,2016,Yemen,6.98
3.8,2001,Yemen,8.41
4.7,2007,Yemen,7.73
5.3,2021,Yemen,0.0
4.8,2006,Yemen,7.82
4.4,2014,Yemen,7.03
4.4,2019,Yemen,7.06
4.4,2020,Yemen,0.0
4.6,2002,Yemen,8.21
4.0,2009,Yemen,7.63
4.6,2018,Yemen,7.09
4.5,2004,Yemen,8.12
4.9,2015,Yemen,6.8
4.4,2012,Yemen,7.21
4.2,2011,Yemen,7.2
4.4,2010,Zambia,19.71
4.6,2001,Zambia,22.69
3.7,2007,Zambia,19.84
4.4,2012,Zambia,18.52
4.1,2005,Zambia,22.13
4.1,2009,Zambia,19.02
4.4,2016,Zambia,16.71
4.1,2004,Zambia,22.47
3.9,2000,Zambia,24.03
4.4,2021,Zambia,0.0
4.5,2018,Zambia,15.9
3.9,2017,Zambia,16.67
4.8,2008,Zambia,19.01
4.1,2020,Zambia,0.0
4.1,2011,Zambia,19.82
4.6,2013,Zambia,17.91
5.1,2015,Zambia,17.26
5.2,2002,Zambia,22.32
4.5,2019,Zambia,14.43
4.5,2006,Zambia,21.82
4.4,2022,Zambia,0.0
5.3,2014,Zambia,17.74
4.9,2003,Zambia,21.51
0.0,2014,Zimbabwe,30.83
4.3,2021,Zimbabwe,0.0
4.2,2007,Zimbabwe,27.23
0.0,2004,Zimbabwe,21.47
4.0,2009,Zimbabwe,35.24
4.9,2008,Zimbabwe,31.7
4.3,2019,Zimbabwe,23.63
0.0,2002,Zimbabwe,20.34
4.4,2006,Zimbabwe,21.97
5.6,2018,Zimbabwe,23.87
4.5,2010,Zimbabwe,35.01
4.6,2013,Zimbabwe,31.4
4.3,2016,Zimbabwe,28.7
4.4,2015,Zimbabwe,30.74
4.4,2022,Zimbabwe,0.0
4.3,2020,Zimbabwe,0.0
0.0,2005,Zimbabwe,21.97
4.4,2011,Zimbabwe,34.3
3.7,2000,Zimbabwe,19.98
0.0,2003,Zimbabwe,20.23
4.4,2017,Zimbabwe,25.85
4.0,2012,Zimbabwe,33.07
0.0,2001,Zimbabwe,19.53
